time,temperature_2m,relative_humidity_2m,direct_radiation,cloud_cover
2026-02-12 00:00:00,2.8,100,0.0,100
2026-02-12 01:00:00,3.4,99,0.0,100
2026-02-12 02:00:00,5.5,95,0.0,100
2026-02-12 03:00:00,5.3,96,0.0,100
2026-02-12 04:00:00,4.3,96,0.0,100
2026-02-12 05:00:00,3.8,96,0.0,100
2026-02-12 06:00:00,3.7,96,0.0,100
2026-02-12 07:00:00,3.6,96,0.0,100
2026-02-12 08:00:00,4.5,97,0.0,100
2026-02-12 09:00:00,4.0,95,0.0,100
2026-02-12 10:00:00,4.4,96,0.0,100
2026-02-12 11:00:00,5.2,96,1.0,100
2026-02-12 12:00:00,5.4,97,0.0,100
2026-02-12 13:00:00,6.2,96,0.0,100
2026-02-12 14:00:00,6.8,96,0.0,100
2026-02-12 15:00:00,6.8,96,0.0,100
2026-02-12 16:00:00,6.6,96,0.0,100
2026-02-12 17:00:00,7.3,95,0.0,100
2026-02-12 18:00:00,7.1,95,0.0,100
2026-02-12 19:00:00,6.9,96,0.0,100
2026-02-12 20:00:00,4.9,99,0.0,100
2026-02-12 21:00:00,4.3,97,0.0,100
2026-02-12 22:00:00,3.9,97,0.0,100
2026-02-12 23:00:00,3.7,96,0.0,100
2026-02-13 00:00:00,3.8,96,0.0,100
2026-02-13 01:00:00,3.6,97,0.0,100
2026-02-13 02:00:00,3.9,98,0.0,100
2026-02-13 03:00:00,3.2,99,0.0,100
2026-02-13 04:00:00,2.7,98,0.0,100
2026-02-13 05:00:00,2.2,98,0.0,100
2026-02-13 06:00:00,1.9,97,0.0,100
2026-02-13 07:00:00,1.4,96,0.0,100
2026-02-13 08:00:00,1.0,96,0.0,100
2026-02-13 09:00:00,0.6,98,0.0,100
2026-02-13 10:00:00,0.6,96,0.0,100
2026-02-13 11:00:00,0.7,94,0.0,100
2026-02-13 12:00:00,0.9,93,0.0,100
2026-02-13 13:00:00,1.0,94,0.0,100
2026-02-13 14:00:00,0.9,97,1.0,100
2026-02-13 15:00:00,1.0,96,0.0,100
2026-02-13 16:00:00,1.0,96,0.0,100
2026-02-13 17:00:00,0.8,97,0.0,100
2026-02-13 18:00:00,0.6,98,0.0,100
2026-02-13 19:00:00,0.4,98,0.0,100
2026-02-13 20:00:00,0.3,99,0.0,100
2026-02-13 21:00:00,0.3,97,0.0,100
2026-02-13 22:00:00,0.2,97,0.0,100
2026-02-13 23:00:00,0.1,97,0.0,100
2026-02-14 00:00:00,0.0,96,0.0,100
2026-02-14 01:00:00,-0.1,96,0.0,100
2026-02-14 02:00:00,-0.2,96,0.0,100
2026-02-14 03:00:00,-0.2,95,0.0,100
2026-02-14 04:00:00,-0.2,94,0.0,100
2026-02-14 05:00:00,-0.2,95,0.0,100
2026-02-14 06:00:00,-0.2,95,0.0,100
2026-02-14 07:00:00,-0.2,95,0.0,100
2026-02-14 08:00:00,-0.4,94,0.0,100
2026-02-14 09:00:00,-0.4,94,0.0,100
2026-02-14 10:00:00,-0.2,91,0.0,100
2026-02-14 11:00:00,0.2,86,2.0,100
2026-02-14 12:00:00,0.6,82,1.0,100
2026-02-14 13:00:00,0.9,78,3.0,100
2026-02-14 14:00:00,0.9,76,23.0,100
2026-02-14 15:00:00,0.9,75,1.0,100
2026-02-14 16:00:00,0.8,75,5.0,100
2026-02-14 17:00:00,0.4,74,3.0,100
2026-02-14 18:00:00,0.2,76,1.0,100
2026-02-14 19:00:00,-0.2,78,0.0,100
2026-02-14 20:00:00,-0.6,84,0.0,100
2026-02-14 21:00:00,-0.8,85,0.0,100
2026-02-14 22:00:00,-1.0,82,0.0,100
2026-02-14 23:00:00,-1.4,82,0.0,87
2026-02-15 00:00:00,-1.7,84,0.0,100
2026-02-15 01:00:00,-1.9,83,0.0,100
2026-02-15 02:00:00,-2.3,84,0.0,50
2026-02-15 03:00:00,-3.0,86,0.0,37
2026-02-15 04:00:00,-3.8,89,0.0,16
2026-02-15 05:00:00,-4.4,89,0.0,3
2026-02-15 06:00:00,-4.8,89,0.0,2
2026-02-15 07:00:00,-4.9,88,0.0,2
2026-02-15 08:00:00,-5.2,87,0.0,3
2026-02-15 09:00:00,-5.1,88,3.0,5
2026-02-15 10:00:00,-3.8,81,65.0,2
2026-02-15 11:00:00,-2.2,69,179.0,2
2026-02-15 12:00:00,-1.0,62,263.0,0
2026-02-15 13:00:00,-0.1,57,344.0,2
2026-02-15 14:00:00,0.0,52,355.0,73
2026-02-15 15:00:00,0.2,51,227.0,46
2026-02-15 16:00:00,0.1,52,223.0,21
2026-02-15 17:00:00,-0.2,52,154.0,0
2026-02-15 18:00:00,-1.4,58,58.0,20
2026-02-15 19:00:00,-2.5,64,2.0,0
2026-02-15 20:00:00,-1.9,72,0.0,1
2026-02-15 21:00:00,-2.4,76,0.0,64
2026-02-15 22:00:00,-2.7,75,0.0,100
2026-02-15 23:00:00,-2.9,73,0.0,100
2026-02-16 00:00:00,-2.9,72,0.0,100
2026-02-16 01:00:00,-2.8,72,0.0,100
2026-02-16 02:00:00,-3.1,72,0.0,100
2026-02-16 03:00:00,-3.1,71,0.0,100
2026-02-16 04:00:00,-3.2,72,0.0,100
2026-02-16 05:00:00,-3.5,73,0.0,100
2026-02-16 06:00:00,-3.3,73,0.0,100
2026-02-16 07:00:00,-2.9,74,0.0,100
2026-02-16 08:00:00,-3.5,82,0.0,100
2026-02-16 09:00:00,-3.4,80,0.0,100
2026-02-16 10:00:00,-3.0,79,0.0,100
2026-02-16 11:00:00,-3.0,80,0.0,100
2026-02-16 12:00:00,-2.5,78,0.0,100
2026-02-16 13:00:00,-2.2,78,1.0,100
2026-02-16 14:00:00,-2.5,82,0.0,100
2026-02-16 15:00:00,-1.7,78,6.0,100
2026-02-16 16:00:00,-1.4,78,5.0,100
2026-02-16 17:00:00,-1.3,79,0.0,100
2026-02-16 18:00:00,-1.5,81,0.0,100
2026-02-16 19:00:00,-1.8,83,0.0,100
2026-02-16 20:00:00,-1.9,88,0.0,100
2026-02-16 21:00:00,-1.9,87,0.0,100
2026-02-16 22:00:00,-1.7,86,0.0,100
2026-02-16 23:00:00,-1.5,87,0.0,100
2026-02-17 00:00:00,-1.4,87,0.0,100
2026-02-17 01:00:00,-1.2,88,0.0,100
2026-02-17 02:00:00,-1.7,92,0.0,100
2026-02-17 03:00:00,-2.0,94,0.0,100
2026-02-17 04:00:00,-2.2,95,0.0,100
2026-02-17 05:00:00,-2.3,94,0.0,100
2026-02-17 06:00:00,-2.4,94,0.0,100
2026-02-17 07:00:00,-2.5,94,0.0,100
2026-02-17 08:00:00,-2.3,95,0.0,100
2026-02-17 09:00:00,-2.2,95,0.0,100
2026-02-17 10:00:00,-2.0,94,0.0,100
2026-02-17 11:00:00,-1.4,92,0.0,100
2026-02-17 12:00:00,-0.3,91,2.0,100
2026-02-17 13:00:00,0.4,90,1.0,100
2026-02-17 14:00:00,1.5,92,8.0,100
2026-02-17 15:00:00,0.9,98,0.0,100
2026-02-17 16:00:00,1.1,97,0.0,100
2026-02-17 17:00:00,1.4,96,47.0,100
2026-02-17 18:00:00,1.2,97,0.0,100
2026-02-17 19:00:00,1.8,96,0.0,100
2026-02-17 20:00:00,-1.0,88,0.0,85
2026-02-17 21:00:00,-0.8,89,0.0,98
2026-02-17 22:00:00,-0.1,79,0.0,73
2026-02-17 23:00:00,0.7,90,0.0,10
2026-02-18 00:00:00,0.9,92,0.0,100
2026-02-18 01:00:00,0.9,94,0.0,100
2026-02-18 02:00:00,0.8,95,0.0,100
2026-02-18 03:00:00,0.7,98,0.0,100
2026-02-18 04:00:00,0.6,98,0.0,100
2026-02-18 05:00:00,0.4,97,0.0,100
2026-02-18 06:00:00,0.2,97,0.0,100
2026-02-18 07:00:00,0.0,97,0.0,100
2026-02-18 08:00:00,0.2,99,0.0,100
2026-02-18 09:00:00,-0.3,96,0.0,100
2026-02-18 10:00:00,-0.6,93,0.0,100
2026-02-18 11:00:00,-1.1,93,0.0,100
2026-02-18 12:00:00,-1.2,89,1.0,100
2026-02-18 13:00:00,-1.0,86,5.0,100
2026-02-18 14:00:00,-1.0,77,39.0,100
2026-02-18 15:00:00,-0.4,69,23.0,100
2026-02-18 16:00:00,-0.2,66,71.0,100
2026-02-18 17:00:00,-0.6,67,32.0,100
2026-02-18 18:00:00,-1.2,70,6.0,100
2026-02-18 19:00:00,-1.6,72,0.0,100
2026-02-18 20:00:00,-2.2,75,0.0,100
2026-02-18 21:00:00,-2.5,74,0.0,100
2026-02-18 22:00:00,-2.6,75,0.0,100
2026-02-18 23:00:00,-2.6,76,0.0,100
2026-02-19 00:00:00,-2.6,77,0.0,100
2026-02-19 01:00:00,-2.7,75,0.0,100
2026-02-19 02:00:00,-4.7,82,0.0,63
2026-02-19 03:00:00,-5.1,84,0.0,90
2026-02-19 04:00:00,-4.7,83,0.0,100
2026-02-19 05:00:00,-4.3,83,0.0,100
2026-02-19 06:00:00,-4.0,83,0.0,100
2026-02-19 07:00:00,-3.7,82,0.0,100
2026-02-19 08:00:00,-4.2,84,0.0,100
2026-02-19 09:00:00,-4.6,84,0.0,100
2026-02-19 10:00:00,-3.8,76,3.0,100
2026-02-19 11:00:00,-3.5,73,3.0,100
2026-02-19 12:00:00,-2.0,67,25.0,100
2026-02-19 13:00:00,-0.8,62,52.0,100
2026-02-19 14:00:00,-0.3,65,60.0,100
2026-02-19 15:00:00,0.1,62,38.0,100
2026-02-19 16:00:00,0.2,60,28.0,100
2026-02-19 17:00:00,-0.2,61,66.0,98
2026-02-19 18:00:00,-0.9,63,35.0,15
2026-02-19 19:00:00,-2.3,66,4.0,3
2026-02-19 20:00:00,-3.0,73,0.0,86
2026-02-19 21:00:00,-3.1,71,0.0,19
2026-02-19 22:00:00,-3.5,72,0.0,1
2026-02-19 23:00:00,-4.0,74,0.0,0
2026-02-20 00:00:00,-4.3,76,0.0,0
2026-02-20 01:00:00,-4.5,77,0.0,0
2026-02-20 02:00:00,-5.1,76,0.0,2
2026-02-20 03:00:00,-5.9,80,0.0,17
2026-02-20 04:00:00,-6.4,81,0.0,5
2026-02-20 05:00:00,-6.8,82,0.0,42
2026-02-20 06:00:00,-6.9,82,0.0,65
2026-02-20 07:00:00,-6.9,82,0.0,3
2026-02-20 08:00:00,-7.6,84,0.0,20
2026-02-20 09:00:00,-7.2,83,7.0,100
2026-02-20 10:00:00,-5.4,73,32.0,99
2026-02-20 11:00:00,-3.5,65,155.0,100
2026-02-20 12:00:00,-2.0,59,198.0,99
2026-02-20 13:00:00,-0.5,52,193.0,56
2026-02-20 14:00:00,0.6,52,334.0,100
2026-02-20 15:00:00,1.7,47,301.0,91
2026-02-20 16:00:00,2.2,44,243.0,100
2026-02-20 17:00:00,2.2,43,121.0,100
2026-02-20 18:00:00,1.3,45,40.0,100
2026-02-20 19:00:00,0.3,49,1.0,100
2026-02-20 20:00:00,0.1,60,0.0,100
2026-02-20 21:00:00,0.6,60,0.0,100
2026-02-20 22:00:00,1.0,62,0.0,100
2026-02-20 23:00:00,2.6,71,0.0,100
2026-02-21 00:00:00,3.0,81,0.0,100
2026-02-21 01:00:00,2.7,86,0.0,100
2026-02-21 02:00:00,2.5,91,0.0,100
2026-02-21 03:00:00,2.7,91,0.0,100
2026-02-21 04:00:00,2.8,93,0.0,100
2026-02-21 05:00:00,3.5,91,0.0,100
2026-02-21 06:00:00,4.1,90,0.0,100
2026-02-21 07:00:00,4.2,90,0.0,100
2026-02-21 08:00:00,5.2,90,0.0,100
2026-02-21 09:00:00,6.1,89,0.0,47
2026-02-21 10:00:00,6.6,90,34.0,36
2026-02-21 11:00:00,7.6,87,110.0,100
2026-02-21 12:00:00,8.2,82,59.0,100
2026-02-21 13:00:00,8.9,78,69.0,86
2026-02-21 14:00:00,9.4,75,98.0,46
2026-02-21 15:00:00,9.6,73,190.0,41
2026-02-21 16:00:00,9.9,72,163.0,42
2026-02-21 17:00:00,9.9,70,111.0,36
2026-02-21 18:00:00,9.0,74,53.0,59
2026-02-21 19:00:00,7.9,78,3.0,84
2026-02-21 20:00:00,6.9,82,0.0,98
2026-02-21 21:00:00,6.3,86,0.0,74
2026-02-21 22:00:00,5.6,88,0.0,100
2026-02-21 23:00:00,5.3,89,0.0,100
2026-02-22 00:00:00,6.1,89,0.0,100
2026-02-22 01:00:00,6.7,91,0.0,100
2026-02-22 02:00:00,7.3,93,0.0,100
2026-02-22 03:00:00,7.8,92,0.0,100
2026-02-22 04:00:00,7.1,93,0.0,100
2026-02-22 05:00:00,6.4,96,0.0,100
2026-02-22 06:00:00,6.2,96,0.0,100
2026-02-22 07:00:00,6.9,95,0.0,100
2026-02-22 08:00:00,7.1,96,0.0,100
2026-02-22 09:00:00,8.0,94,0.0,100
2026-02-22 10:00:00,9.6,93,0.0,100
2026-02-22 11:00:00,10.4,92,1.0,100
2026-02-22 12:00:00,11.2,90,0.0,100
2026-02-22 13:00:00,11.6,87,2.0,100
2026-02-22 14:00:00,12.0,87,2.0,100
2026-02-22 15:00:00,11.2,92,0.0,100
2026-02-22 16:00:00,10.6,93,0.0,100
2026-02-22 17:00:00,10.8,94,0.0,100
2026-02-22 18:00:00,10.6,94,0.0,100
2026-02-22 19:00:00,10.6,92,0.0,100
2026-02-22 20:00:00,10.6,92,0.0,100
2026-02-22 21:00:00,10.4,92,0.0,100
2026-02-22 22:00:00,9.7,91,0.0,100
2026-02-22 23:00:00,9.1,92,0.0,100
2026-02-23 00:00:00,8.8,92,0.0,100
2026-02-23 01:00:00,8.1,94,0.0,100
2026-02-23 02:00:00,7.8,91,0.0,100
2026-02-23 03:00:00,7.5,93,0.0,100
2026-02-23 04:00:00,7.1,95,0.0,99
2026-02-23 05:00:00,6.6,93,0.0,95
2026-02-23 06:00:00,7.1,94,0.0,53
2026-02-23 07:00:00,7.4,94,0.0,98
2026-02-23 08:00:00,7.4,93,0.0,100
2026-02-23 09:00:00,7.4,91,3.0,99
2026-02-23 10:00:00,8.4,87,30.0,100
2026-02-23 11:00:00,9.2,80,68.0,38
2026-02-23 12:00:00,10.3,70,208.0,41
2026-02-23 13:00:00,10.9,62,226.0,27
2026-02-23 14:00:00,11.4,59,256.0,30
2026-02-23 15:00:00,11.3,61,252.0,45
2026-02-23 16:00:00,9.9,65,249.0,91
2026-02-23 17:00:00,9.3,76,63.0,55
2026-02-23 18:00:00,8.6,73,39.0,98
2026-02-23 19:00:00,7.4,82,2.0,97
2026-02-23 20:00:00,6.4,91,0.0,100
2026-02-23 21:00:00,6.6,92,0.0,99
2026-02-23 22:00:00,6.6,89,0.0,65
2026-02-23 23:00:00,6.1,88,0.0,97
2026-02-24 00:00:00,6.4,89,0.0,87
2026-02-24 01:00:00,6.3,90,0.0,100
2026-02-24 02:00:00,6.2,93,0.0,65
2026-02-24 03:00:00,6.3,90,0.0,27
2026-02-24 04:00:00,5.8,90,0.0,2
2026-02-24 05:00:00,5.4,94,0.0,5
2026-02-24 06:00:00,5.2,94,0.0,2
2026-02-24 07:00:00,4.7,96,0.0,17
2026-02-24 08:00:00,4.8,96,0.0,29
2026-02-24 09:00:00,5.4,97,8.0,87
2026-02-24 10:00:00,6.9,94,33.0,100
2026-02-24 11:00:00,7.0,93,0.0,100
2026-02-24 12:00:00,7.1,91,3.0,100
2026-02-24 13:00:00,8.0,83,23.0,99
2026-02-24 14:00:00,8.8,79,45.0,98
2026-02-24 15:00:00,9.2,74,37.0,97
2026-02-24 16:00:00,9.6,72,89.0,100
2026-02-24 17:00:00,9.8,70,67.0,97
2026-02-24 18:00:00,8.7,81,21.0,88
2026-02-24 19:00:00,6.5,86,5.0,100
2026-02-24 20:00:00,5.4,90,0.0,87
2026-02-24 21:00:00,4.7,94,0.0,24
2026-02-24 22:00:00,4.3,94,0.0,91
2026-02-24 23:00:00,3.9,94,0.0,55
2026-02-25 00:00:00,3.3,95,0.0,83
2026-02-25 01:00:00,2.8,96,0.0,29
2026-02-25 02:00:00,2.9,95,0.0,98
2026-02-25 03:00:00,1.8,96,0.0,99
2026-02-25 04:00:00,1.1,96,0.0,97
2026-02-25 05:00:00,1.1,96,0.0,100
2026-02-25 06:00:00,2.2,96,0.0,100
2026-02-25 07:00:00,2.5,95,0.0,100
2026-02-25 08:00:00,3.1,95,0.0,100
2026-02-25 09:00:00,3.7,95,0.0,100
2026-02-25 10:00:00,4.2,95,2.0,100
2026-02-25 11:00:00,5.6,92,6.0,100
2026-02-25 12:00:00,8.0,85,122.0,59
2026-02-25 13:00:00,10.7,75,291.0,3
2026-02-25 14:00:00,12.5,68,388.0,18
2026-02-25 15:00:00,13.4,65,366.0,1
2026-02-25 16:00:00,13.4,66,299.0,1
2026-02-25 17:00:00,13.4,69,198.0,1
2026-02-25 18:00:00,11.9,76,82.0,1
2026-02-25 19:00:00,9.9,84,9.0,0
2026-02-25 20:00:00,10.1,84,0.0,0
2026-02-25 21:00:00,9.2,88,0.0,8
2026-02-25 22:00:00,8.6,88,0.0,93
2026-02-25 23:00:00,8.1,89,0.0,12
2026-02-26 00:00:00,7.6,90,0.0,11
2026-02-26 01:00:00,6.8,93,0.0,23
2026-02-26 02:00:00,6.7,91,0.0,41
2026-02-26 03:00:00,6.2,93,0.0,20
2026-02-26 04:00:00,5.8,93,0.0,0
2026-02-26 05:00:00,5.4,93,0.0,0
2026-02-26 06:00:00,5.0,93,0.0,49
2026-02-26 07:00:00,4.8,91,0.0,85
2026-02-26 08:00:00,4.6,91,0.0,4
2026-02-26 09:00:00,4.9,89,15.0,81
2026-02-26 10:00:00,6.8,87,87.0,8
2026-02-26 11:00:00,9.3,81,222.0,18
2026-02-26 12:00:00,11.7,75,316.0,48
2026-02-26 13:00:00,13.9,70,360.0,80
2026-02-26 14:00:00,15.1,67,355.0,98
2026-02-26 15:00:00,15.9,65,221.0,82
2026-02-26 16:00:00,16.1,65,233.0,0
2026-02-26 17:00:00,15.9,66,201.0,0
2026-02-26 18:00:00,14.2,73,86.0,87
2026-02-26 19:00:00,12.1,79,9.0,37
2026-02-26 20:00:00,11.5,82,0.0,13
2026-02-26 21:00:00,10.9,83,0.0,88
2026-02-26 22:00:00,10.6,83,0.0,34
2026-02-26 23:00:00,10.1,83,0.0,11
2026-02-27 00:00:00,9.6,84,0.0,0
2026-02-27 01:00:00,9.1,85,0.0,62
2026-02-27 02:00:00,9.4,84,0.0,86
2026-02-27 03:00:00,9.1,85,0.0,48
2026-02-27 04:00:00,8.9,87,0.0,68
2026-02-27 05:00:00,8.8,88,0.0,100
2026-02-27 06:00:00,8.7,88,0.0,99
2026-02-27 07:00:00,8.6,88,0.0,100
2026-02-27 08:00:00,8.3,88,0.0,100
2026-02-27 09:00:00,8.4,89,5.0,86
2026-02-27 10:00:00,10.1,87,82.0,63
2026-02-27 11:00:00,12.5,81,204.0,91
2026-02-27 12:00:00,14.4,73,268.0,86
2026-02-27 13:00:00,16.1,67,343.0,25
2026-02-27 14:00:00,17.3,66,401.0,0
2026-02-27 15:00:00,18.2,58,374.0,0
2026-02-27 16:00:00,18.2,57,307.0,0
2026-02-27 17:00:00,18.0,61,205.0,0
2026-02-27 18:00:00,16.6,64,91.0,0
2026-02-27 19:00:00,14.6,65,11.0,0
2026-02-27 20:00:00,14.1,63,0.0,0
2026-02-27 21:00:00,13.7,63,0.0,1
2026-02-27 22:00:00,12.8,66,0.0,0
2026-02-27 23:00:00,12.1,69,0.0,3
2026-02-28 00:00:00,11.4,71,0.0,0
2026-02-28 01:00:00,10.9,74,0.0,0
2026-02-28 02:00:00,10.6,75,0.0,0
2026-02-28 03:00:00,10.0,79,0.0,19
2026-02-28 04:00:00,9.8,81,0.0,4
2026-02-28 05:00:00,9.7,81,0.0,0
2026-02-28 06:00:00,9.4,82,0.0,36
2026-02-28 07:00:00,8.9,83,0.0,51
2026-02-28 08:00:00,9.3,80,0.0,66
2026-02-28 09:00:00,9.7,79,10.0,21
2026-02-28 10:00:00,11.4,76,98.0,29
2026-02-28 11:00:00,13.6,73,213.0,92
2026-02-28 12:00:00,15.6,65,244.0,94
2026-02-28 13:00:00,16.7,58,312.0,94
2026-02-28 14:00:00,17.2,53,342.0,95
2026-02-28 15:00:00,17.1,51,261.0,81
2026-02-28 16:00:00,16.6,53,139.0,98
2026-02-28 17:00:00,15.9,56,78.0,99
2026-02-28 18:00:00,14.6,60,36.0,90
2026-02-28 19:00:00,12.8,64,3.0,96
2026-02-28 20:00:00,12.8,62,0.0,93
2026-02-28 21:00:00,11.9,66,0.0,95
2026-02-28 22:00:00,11.4,64,0.0,92
2026-02-28 23:00:00,10.9,60,0.0,63
2026-03-01 00:00:00,10.1,63,0.0,86
2026-03-01 01:00:00,8.8,70,0.0,97
2026-03-01 02:00:00,9.1,66,0.0,67
2026-03-01 03:00:00,8.4,70,0.0,91
2026-03-01 04:00:00,7.6,74,0.0,86
2026-03-01 05:00:00,6.7,78,0.0,73
2026-03-01 06:00:00,5.9,83,0.0,22
2026-03-01 07:00:00,5.0,88,0.0,12
2026-03-01 08:00:00,4.3,86,0.0,13
2026-03-01 09:00:00,4.7,86,20.0,1
2026-03-01 10:00:00,6.8,80,109.0,0
2026-03-01 11:00:00,8.6,66,228.0,0
2026-03-01 12:00:00,9.4,57,331.0,0
2026-03-01 13:00:00,10.2,53,403.0,0
2026-03-01 14:00:00,11.0,48,407.0,18
2026-03-01 15:00:00,11.1,47,312.0,0
2026-03-01 16:00:00,11.6,45,303.0,2
2026-03-01 17:00:00,11.5,45,215.0,0
2026-03-01 18:00:00,10.6,62,100.0,0
2026-03-01 19:00:00,8.2,64,14.0,1
2026-03-01 20:00:00,8.5,63,0.0,0
2026-03-01 21:00:00,7.2,68,0.0,0
2026-03-01 22:00:00,6.6,68,0.0,0
2026-03-01 23:00:00,6.2,69,0.0,1
2026-03-02 00:00:00,5.9,70,0.0,2
2026-03-02 01:00:00,5.3,73,0.0,5
2026-03-02 02:00:00,4.9,72,0.0,0
2026-03-02 03:00:00,4.5,74,0.0,0
2026-03-02 04:00:00,4.3,76,0.0,2
2026-03-02 05:00:00,4.1,77,0.0,1
2026-03-02 06:00:00,3.9,79,0.0,0
2026-03-02 07:00:00,3.8,80,0.0,0
2026-03-02 08:00:00,3.7,78,0.0,3
2026-03-02 09:00:00,4.1,80,21.0,0
2026-03-02 10:00:00,6.1,78,114.0,0
2026-03-02 11:00:00,8.4,71,232.0,0
2026-03-02 12:00:00,10.7,67,332.0,0
2026-03-02 13:00:00,12.6,63,395.0,0
2026-03-02 14:00:00,13.9,57,415.0,0
2026-03-02 15:00:00,14.4,47,392.0,77
2026-03-02 16:00:00,14.2,46,305.0,61
2026-03-02 17:00:00,13.7,50,175.0,24
2026-03-02 18:00:00,12.2,60,103.0,1
2026-03-02 19:00:00,10.1,69,15.0,99
2026-03-02 20:00:00,9.4,69,0.0,98
2026-03-02 21:00:00,8.4,70,0.0,92
2026-03-02 22:00:00,7.4,72,0.0,84
2026-03-02 23:00:00,6.7,73,0.0,99
2026-03-03 00:00:00,6.2,73,0.0,98
2026-03-03 01:00:00,5.8,74,0.0,100
2026-03-03 02:00:00,5.2,75,0.0,100
2026-03-03 03:00:00,4.4,79,0.0,100
2026-03-03 04:00:00,4.1,81,0.0,100
2026-03-03 05:00:00,3.5,84,0.0,100
2026-03-03 06:00:00,2.9,85,0.0,100
2026-03-03 07:00:00,2.7,87,0.0,100
2026-03-03 08:00:00,1.9,84,0.0,96
2026-03-03 09:00:00,2.5,84,22.0,67
2026-03-03 10:00:00,4.7,81,118.0,39
2026-03-03 11:00:00,7.3,77,237.0,51
2026-03-03 12:00:00,10.1,72,322.0,77
2026-03-03 13:00:00,12.4,66,371.0,100
2026-03-03 14:00:00,14.6,59,315.0,94
2026-03-03 15:00:00,15.4,51,358.0,76
2026-03-03 16:00:00,15.6,50,306.0,74
2026-03-03 17:00:00,15.4,52,209.0,83
2026-03-03 18:00:00,14.1,64,96.0,96
2026-03-03 19:00:00,11.9,66,14.0,92
2026-03-03 20:00:00,10.9,66,0.0,71
2026-03-03 21:00:00,9.2,76,0.0,16
2026-03-03 22:00:00,8.1,83,0.0,0
2026-03-03 23:00:00,7.5,84,0.0,0
2026-03-04 00:00:00,7.6,83,0.0,8
2026-03-04 01:00:00,7.3,85,0.0,4
2026-03-04 02:00:00,6.7,89,0.0,14
2026-03-04 03:00:00,5.8,92,0.0,3
2026-03-04 04:00:00,4.9,95,0.0,0
2026-03-04 05:00:00,4.4,95,0.0,18
2026-03-04 06:00:00,3.9,96,0.0,19
2026-03-04 07:00:00,3.3,97,0.0,2
2026-03-04 08:00:00,3.0,95,0.0,0
2026-03-04 09:00:00,3.2,97,23.0,9
2026-03-04 10:00:00,4.5,93,111.0,12
2026-03-04 11:00:00,6.1,86,216.0,5
2026-03-04 12:00:00,7.8,80,325.0,2
2026-03-04 13:00:00,9.4,71,390.0,0
2026-03-04 14:00:00,10.1,62,413.0,0
2026-03-04 15:00:00,10.8,57,390.0,0
2026-03-04 16:00:00,10.9,54,324.0,0
2026-03-04 17:00:00,10.6,53,224.0,0
2026-03-04 18:00:00,9.8,61,107.0,0
2026-03-04 19:00:00,7.9,66,18.0,0
2026-03-04 20:00:00,8.1,59,0.0,0
2026-03-04 21:00:00,6.7,62,0.0,0
2026-03-04 22:00:00,5.4,65,0.0,0
2026-03-04 23:00:00,4.4,69,0.0,0
2026-03-05 00:00:00,3.5,72,0.0,0
2026-03-05 01:00:00,3.1,74,0.0,0
2026-03-05 02:00:00,2.2,77,0.0,0
2026-03-05 03:00:00,1.7,78,0.0,0
2026-03-05 04:00:00,1.4,80,0.0,0
2026-03-05 05:00:00,1.1,81,0.0,0
2026-03-05 06:00:00,0.9,82,0.0,0
2026-03-05 07:00:00,0.6,84,0.0,0
2026-03-05 08:00:00,0.3,82,0.0,0
2026-03-05 09:00:00,1.0,80,30.0,0
2026-03-05 10:00:00,2.8,76,134.0,0
2026-03-05 11:00:00,5.0,72,255.0,0
2026-03-05 12:00:00,7.3,68,356.0,0
2026-03-05 13:00:00,9.4,65,421.0,0
2026-03-05 14:00:00,11.6,60,442.0,0
2026-03-05 15:00:00,12.6,57,417.0,0
2026-03-05 16:00:00,12.9,56,346.0,0
2026-03-05 17:00:00,12.7,56,241.0,0
2026-03-05 18:00:00,11.2,61,119.0,0
2026-03-05 19:00:00,8.9,61,22.0,0
2026-03-05 20:00:00,8.8,50,0.0,0
2026-03-05 21:00:00,7.7,53,0.0,0
2026-03-05 22:00:00,6.6,56,0.0,0
2026-03-05 23:00:00,5.7,59,0.0,0
2026-03-06 00:00:00,4.8,62,0.0,0
2026-03-06 01:00:00,4.2,65,0.0,0
2026-03-06 02:00:00,3.6,68,0.0,0
2026-03-06 03:00:00,2.7,74,0.0,0
2026-03-06 04:00:00,1.9,80,0.0,0
2026-03-06 05:00:00,1.5,84,0.0,0
2026-03-06 06:00:00,1.3,87,0.0,0
2026-03-06 07:00:00,1.1,89,0.0,0
2026-03-06 08:00:00,1.0,83,0.0,0
2026-03-06 09:00:00,2.0,81,37.0,0
2026-03-06 10:00:00,4.1,77,150.0,0
2026-03-06 11:00:00,6.5,72,276.0,0
2026-03-06 12:00:00,9.1,68,381.0,0
2026-03-06 13:00:00,11.4,62,448.0,0
2026-03-06 14:00:00,13.4,55,468.0,0
2026-03-06 15:00:00,14.2,54,440.0,0
2026-03-06 16:00:00,14.4,53,367.0,30
2026-03-06 17:00:00,13.9,56,254.0,2
2026-03-06 18:00:00,12.4,65,128.0,2
2026-03-06 19:00:00,10.4,70,25.0,0
2026-03-06 20:00:00,10.0,63,0.0,0
2026-03-06 21:00:00,8.8,68,0.0,0
2026-03-06 22:00:00,7.1,75,0.0,0
2026-03-06 23:00:00,5.9,77,0.0,0
2026-03-07 00:00:00,5.1,79,0.0,0
2026-03-07 01:00:00,4.1,82,0.0,0
2026-03-07 02:00:00,3.0,85,0.0,0
2026-03-07 03:00:00,2.2,86,0.0,54
2026-03-07 04:00:00,1.6,87,0.0,31
2026-03-07 05:00:00,1.1,89,0.0,63
2026-03-07 06:00:00,0.7,90,0.0,95
2026-03-07 07:00:00,0.3,91,0.0,100
2026-03-07 08:00:00,0.2,88,0.0,100
2026-03-07 09:00:00,1.4,85,26.0,92
2026-03-07 10:00:00,3.5,81,126.0,54
2026-03-07 11:00:00,6.1,76,272.0,64
2026-03-07 12:00:00,8.7,70,371.0,48
2026-03-07 13:00:00,10.9,66,441.0,16
2026-03-07 14:00:00,13.1,64,463.0,5
2026-03-07 15:00:00,14.2,63,435.0,2
2026-03-07 16:00:00,14.8,62,363.0,1
2026-03-07 17:00:00,14.8,63,254.0,0
2026-03-07 18:00:00,13.6,74,128.0,2
2026-03-07 19:00:00,10.7,79,26.0,0
2026-03-07 20:00:00,10.1,68,0.0,2
2026-03-07 21:00:00,8.6,72,0.0,80
2026-03-07 22:00:00,7.4,74,0.0,75
2026-03-07 23:00:00,6.6,76,0.0,98
2026-03-08 00:00:00,6.3,77,0.0,100
2026-03-08 01:00:00,6.5,79,0.0,100
2026-03-08 02:00:00,5.9,83,0.0,100
2026-03-08 03:00:00,5.8,85,0.0,100
2026-03-08 04:00:00,5.4,86,0.0,100
2026-03-08 05:00:00,4.2,90,0.0,100
2026-03-08 06:00:00,3.5,91,0.0,100
2026-03-08 07:00:00,3.5,90,0.0,100
2026-03-08 08:00:00,3.1,88,0.0,100
2026-03-08 09:00:00,4.3,86,4.0,100
2026-03-08 10:00:00,5.4,84,12.0,100
2026-03-08 11:00:00,7.1,79,42.0,100
2026-03-08 12:00:00,8.9,74,86.0,100
2026-03-08 13:00:00,10.9,69,149.0,100
2026-03-08 14:00:00,14.0,57,143.0,100
2026-03-08 15:00:00,15.0,52,229.0,100
2026-03-08 16:00:00,15.3,50,84.0,100
2026-03-08 17:00:00,15.1,52,64.0,100
2026-03-08 18:00:00,13.8,58,29.0,100
2026-03-08 19:00:00,11.8,63,8.0,92
2026-03-08 20:00:00,10.6,59,0.0,63
2026-03-08 21:00:00,9.7,60,0.0,43
2026-03-08 22:00:00,8.8,64,0.0,11
2026-03-08 23:00:00,8.1,68,0.0,10
2026-03-09 00:00:00,7.2,72,0.0,1
2026-03-09 01:00:00,6.4,75,0.0,0
2026-03-09 02:00:00,5.8,77,0.0,1
2026-03-09 03:00:00,4.8,82,0.0,8
2026-03-09 04:00:00,4.1,85,0.0,24
2026-03-09 05:00:00,3.6,86,0.0,75
2026-03-09 06:00:00,3.2,87,0.0,95
2026-03-09 07:00:00,2.9,88,0.0,45
2026-03-09 08:00:00,2.2,84,0.0,100
2026-03-09 09:00:00,2.8,83,34.0,48
2026-03-09 10:00:00,4.7,77,143.0,38
2026-03-09 11:00:00,7.1,70,285.0,31
2026-03-09 12:00:00,9.6,64,376.0,34
2026-03-09 13:00:00,11.8,60,415.0,84
2026-03-09 14:00:00,13.2,55,414.0,47
2026-03-09 15:00:00,14.2,53,392.0,100
2026-03-09 16:00:00,14.6,54,274.0,100
2026-03-09 17:00:00,14.4,57,166.0,100
2026-03-09 18:00:00,13.4,67,80.0,98
2026-03-09 19:00:00,11.3,76,14.0,24
2026-03-09 20:00:00,10.8,70,0.0,91
2026-03-09 21:00:00,10.0,73,0.0,99
2026-03-09 22:00:00,9.1,77,0.0,98
2026-03-09 23:00:00,8.0,81,0.0,30
2026-03-10 00:00:00,7.0,85,0.0,15
2026-03-10 01:00:00,6.0,89,0.0,23
2026-03-10 02:00:00,5.1,88,0.0,97
2026-03-10 03:00:00,4.6,90,0.0,99
2026-03-10 04:00:00,4.8,87,0.0,100
2026-03-10 05:00:00,5.5,83,0.0,100
2026-03-10 06:00:00,5.9,80,0.0,100
2026-03-10 07:00:00,5.9,81,0.0,100
2026-03-10 08:00:00,5.2,81,0.0,100
2026-03-10 09:00:00,5.8,82,20.0,100
2026-03-10 10:00:00,8.3,78,114.0,98
2026-03-10 11:00:00,11.1,71,223.0,86
2026-03-10 12:00:00,13.6,65,341.0,80
2026-03-10 13:00:00,15.1,58,401.0,80
2026-03-10 14:00:00,16.0,54,430.0,53
2026-03-10 15:00:00,16.5,50,332.0,38
2026-03-10 16:00:00,16.8,48,307.0,47
2026-03-10 17:00:00,16.6,49,204.0,34
2026-03-10 18:00:00,15.6,61,105.0,33
2026-03-10 19:00:00,13.4,69,27.0,20
2026-03-10 20:00:00,12.6,67,0.0,58
2026-03-10 21:00:00,12.4,67,0.0,77
2026-03-10 22:00:00,11.6,71,0.0,26
2026-03-10 23:00:00,10.9,73,0.0,21
2026-03-11 00:00:00,10.3,76,0.0,5
2026-03-11 01:00:00,9.6,78,0.0,6
2026-03-11 02:00:00,9.1,83,0.0,71
2026-03-11 03:00:00,9.0,86,0.0,59
2026-03-11 04:00:00,8.8,88,0.0,81
2026-03-11 05:00:00,8.4,88,0.0,100
2026-03-11 06:00:00,8.1,90,0.0,100
2026-03-11 07:00:00,7.9,90,0.0,82
2026-03-11 08:00:00,8.2,85,0.0,58
2026-03-11 09:00:00,9.2,83,39.0,4
2026-03-11 10:00:00,11.1,78,154.0,3
2026-03-11 11:00:00,13.0,71,273.0,2
2026-03-11 12:00:00,14.2,66,371.0,84
2026-03-11 13:00:00,14.9,61,402.0,100
2026-03-11 14:00:00,15.1,61,288.0,100
2026-03-11 15:00:00,14.6,64,246.0,100
2026-03-11 16:00:00,14.4,63,69.0,100
2026-03-11 17:00:00,13.9,64,52.0,100
2026-03-11 18:00:00,13.0,67,12.0,100
2026-03-11 19:00:00,12.6,64,0.0,100
2026-03-11 20:00:00,12.2,70,0.0,100
2026-03-11 21:00:00,11.4,78,0.0,100
2026-03-11 22:00:00,10.6,85,0.0,100
2026-03-11 23:00:00,10.0,89,0.0,100
2026-03-12 00:00:00,9.7,89,0.0,100
2026-03-12 01:00:00,9.1,91,0.0,100
2026-03-12 02:00:00,9.1,87,0.0,94
2026-03-12 03:00:00,8.1,88,0.0,99
2026-03-12 04:00:00,7.2,91,0.0,2
2026-03-12 05:00:00,6.4,94,0.0,62
2026-03-12 06:00:00,5.9,94,0.0,67
2026-03-12 07:00:00,5.4,93,0.0,0
2026-03-12 08:00:00,5.3,90,1.0,0
2026-03-12 09:00:00,6.2,86,51.0,0
2026-03-12 10:00:00,8.1,76,170.0,2
2026-03-12 11:00:00,10.2,63,287.0,2
2026-03-12 12:00:00,11.6,53,379.0,44
2026-03-12 13:00:00,12.2,46,284.0,21
2026-03-12 14:00:00,12.5,45,363.0,48
2026-03-12 15:00:00,12.6,42,223.0,46
2026-03-12 16:00:00,13.1,39,285.0,1
2026-03-12 17:00:00,12.9,40,261.0,2
2026-03-12 18:00:00,12.2,46,134.0,1
2026-03-12 19:00:00,10.6,54,35.0,35
2026-03-12 20:00:00,9.5,60,0.0,59
2026-03-12 21:00:00,9.0,61,0.0,66
2026-03-12 22:00:00,8.4,63,0.0,41
2026-03-12 23:00:00,7.8,66,0.0,16
2026-03-13 00:00:00,7.3,68,0.0,91
2026-03-13 01:00:00,6.6,71,0.0,8
2026-03-13 02:00:00,5.9,74,0.0,2
2026-03-13 03:00:00,5.7,75,0.0,0
2026-03-13 04:00:00,5.7,74,0.0,0
2026-03-13 05:00:00,5.7,73,0.0,42
2026-03-13 06:00:00,5.7,73,0.0,65
2026-03-13 07:00:00,5.7,72,0.0,0
2026-03-13 08:00:00,6.2,71,1.0,10
2026-03-13 09:00:00,7.8,65,56.0,43
2026-03-13 10:00:00,9.8,60,171.0,76
2026-03-13 11:00:00,10.8,58,292.0,73
2026-03-13 12:00:00,12.1,55,381.0,60
2026-03-13 13:00:00,13.1,54,426.0,85
2026-03-13 14:00:00,13.8,52,400.0,34
2026-03-13 15:00:00,14.4,51,445.0,77
2026-03-13 16:00:00,16.5,46,280.0,100
2026-03-13 17:00:00,15.2,54,60.0,100
2026-03-13 18:00:00,14.2,57,13.0,100
2026-03-13 19:00:00,13.5,59,1.0,100
2026-03-13 20:00:00,13.2,58,0.0,100
2026-03-13 21:00:00,12.7,59,0.0,100
2026-03-13 22:00:00,12.0,64,0.0,100
2026-03-13 23:00:00,12.1,64,0.0,100
2026-03-14 00:00:00,12.1,65,0.0,100
2026-03-14 01:00:00,11.5,71,0.0,100
2026-03-14 02:00:00,10.6,77,0.0,100
2026-03-14 03:00:00,10.1,79,0.0,100
2026-03-14 04:00:00,9.8,83,0.0,100
2026-03-14 05:00:00,9.9,84,0.0,100
2026-03-14 06:00:00,9.6,89,0.0,100
2026-03-14 07:00:00,8.3,98,0.0,100
2026-03-14 08:00:00,6.1,96,0.0,100
2026-03-14 09:00:00,5.6,94,0.0,100
2026-03-14 10:00:00,5.7,89,0.0,100
2026-03-14 11:00:00,6.1,85,4.0,100
2026-03-14 12:00:00,6.2,83,30.0,100
2026-03-14 13:00:00,6.6,81,0.0,100
2026-03-14 14:00:00,6.4,79,4.0,100
2026-03-14 15:00:00,6.3,79,0.0,100
2026-03-14 16:00:00,6.2,79,0.0,100
2026-03-14 17:00:00,6.3,79,0.0,100
2026-03-14 18:00:00,6.2,79,0.0,100
2026-03-14 19:00:00,5.9,85,0.0,100
2026-03-14 20:00:00,5.6,95,0.0,100
2026-03-14 21:00:00,5.3,96,0.0,100
2026-03-14 22:00:00,5.1,97,0.0,100
2026-03-14 23:00:00,4.9,97,0.0,100
2026-03-15 00:00:00,4.8,98,0.0,100
2026-03-15 01:00:00,4.7,98,0.0,100
2026-03-15 02:00:00,4.9,98,0.0,100
2026-03-15 03:00:00,4.9,99,0.0,100
2026-03-15 04:00:00,4.8,97,0.0,100
2026-03-15 05:00:00,4.4,97,0.0,100
2026-03-15 06:00:00,4.2,97,0.0,100
2026-03-15 07:00:00,4.1,98,0.0,100
2026-03-15 08:00:00,4.1,98,0.0,100
2026-03-15 09:00:00,4.6,93,2.0,100
2026-03-15 10:00:00,5.3,87,5.0,100
2026-03-15 11:00:00,6.2,81,41.0,100
2026-03-15 12:00:00,6.7,76,5.0,100
2026-03-15 13:00:00,7.2,73,13.0,100
2026-03-15 14:00:00,7.2,68,86.0,100
2026-03-15 15:00:00,7.7,65,60.0,100
2026-03-15 16:00:00,7.9,62,36.0,79
2026-03-15 17:00:00,8.1,60,26.0,92
2026-03-15 18:00:00,7.8,60,60.0,98
2026-03-15 19:00:00,7.2,72,15.0,98
2026-03-15 20:00:00,6.4,77,0.0,100
2026-03-15 21:00:00,6.4,74,0.0,76
2026-03-15 22:00:00,5.6,79,0.0,78
2026-03-15 23:00:00,5.2,82,0.0,43
2026-03-16 00:00:00,4.2,87,0.0,0
2026-03-16 01:00:00,3.2,90,0.0,0
2026-03-16 02:00:00,2.7,86,0.0,1
2026-03-16 03:00:00,2.4,86,0.0,11
2026-03-16 04:00:00,2.3,87,0.0,100
2026-03-16 05:00:00,2.5,86,0.0,98
2026-03-16 06:00:00,2.3,84,0.0,100
2026-03-16 07:00:00,2.5,79,0.0,80
2026-03-16 08:00:00,3.0,77,1.0,100
2026-03-16 09:00:00,4.0,82,6.0,100
2026-03-16 10:00:00,4.8,85,0.0,100
2026-03-16 11:00:00,6.2,79,0.0,100
2026-03-16 12:00:00,7.8,69,52.0,78
2026-03-16 13:00:00,8.4,64,122.0,62
2026-03-16 14:00:00,7.9,66,221.0,100
2026-03-16 15:00:00,7.8,67,141.0,100
2026-03-16 16:00:00,6.2,76,162.0,100
2026-03-16 17:00:00,6.0,82,16.0,95
2026-03-16 18:00:00,6.7,75,36.0,23
2026-03-16 19:00:00,5.8,77,26.0,23
2026-03-16 20:00:00,5.0,81,0.0,17
2026-03-16 21:00:00,4.3,83,0.0,15
2026-03-16 22:00:00,4.0,84,0.0,5
2026-03-16 23:00:00,3.5,86,0.0,0
2026-03-17 00:00:00,2.9,88,0.0,2
2026-03-17 01:00:00,2.3,89,0.0,5
2026-03-17 02:00:00,1.8,91,0.0,0
2026-03-17 03:00:00,1.6,89,0.0,1
2026-03-17 04:00:00,1.5,88,0.0,0
2026-03-17 05:00:00,1.1,88,0.0,0
2026-03-17 06:00:00,0.7,88,0.0,53
2026-03-17 07:00:00,0.4,90,0.0,88
2026-03-17 08:00:00,0.5,90,1.0,98
2026-03-17 09:00:00,1.9,88,9.0,100
2026-03-17 10:00:00,4.1,82,58.0,100
2026-03-17 11:00:00,5.9,77,60.0,92
2026-03-17 12:00:00,8.1,67,93.0,94
2026-03-17 13:00:00,9.4,59,211.0,57
2026-03-17 14:00:00,10.1,58,303.0,79
2026-03-17 15:00:00,10.8,53,181.0,48
2026-03-17 16:00:00,11.4,49,296.0,52
2026-03-17 17:00:00,11.1,48,182.0,34
2026-03-17 18:00:00,10.6,51,129.0,40
2026-03-17 19:00:00,8.9,63,30.0,14
2026-03-17 20:00:00,7.8,69,0.0,6
2026-03-17 21:00:00,6.9,72,0.0,0
2026-03-17 22:00:00,5.9,73,0.0,0
2026-03-17 23:00:00,4.8,76,0.0,0
2026-03-18 00:00:00,4.1,79,0.0,0
2026-03-18 01:00:00,3.5,82,0.0,0
2026-03-18 02:00:00,2.9,79,0.0,0
2026-03-18 03:00:00,1.9,81,0.0,0
2026-03-18 04:00:00,1.2,82,0.0,0
2026-03-18 05:00:00,0.9,82,0.0,0
2026-03-18 06:00:00,0.5,83,0.0,0
2026-03-18 07:00:00,0.2,84,0.0,0
2026-03-18 08:00:00,0.4,82,5.0,0
2026-03-18 09:00:00,1.7,80,78.0,0
2026-03-18 10:00:00,3.7,73,208.0,0
2026-03-18 11:00:00,5.8,68,336.0,0
2026-03-18 12:00:00,7.9,64,434.0,0
2026-03-18 13:00:00,9.8,59,495.0,0
2026-03-18 14:00:00,11.5,58,511.0,0
2026-03-18 15:00:00,12.7,52,480.0,0
2026-03-18 16:00:00,13.1,49,406.0,0
2026-03-18 17:00:00,13.1,48,298.0,0
2026-03-18 18:00:00,12.4,54,168.0,0
2026-03-18 19:00:00,10.3,66,49.0,0
2026-03-18 20:00:00,9.1,69,1.0,4
2026-03-18 21:00:00,8.2,71,0.0,1
2026-03-18 22:00:00,7.5,73,0.0,16
2026-03-18 23:00:00,6.8,75,0.0,36
2026-03-19 00:00:00,6.0,78,0.0,99
2026-03-19 01:00:00,5.2,81,0.0,95
2026-03-19 02:00:00,4.3,83,0.0,88
2026-03-19 03:00:00,3.0,86,0.0,99
2026-03-19 04:00:00,3.0,86,0.0,96
2026-03-19 05:00:00,2.8,87,0.0,16
2026-03-19 06:00:00,2.4,88,0.0,0
2026-03-19 07:00:00,1.6,92,0.0,0
2026-03-19 08:00:00,0.9,95,6.0,2
2026-03-19 09:00:00,2.5,91,79.0,5
2026-03-19 10:00:00,5.6,79,206.0,6
2026-03-19 11:00:00,8.1,70,327.0,5
2026-03-19 12:00:00,10.4,64,429.0,0
2026-03-19 13:00:00,12.0,60,496.0,0
2026-03-19 14:00:00,13.0,53,513.0,0
2026-03-19 15:00:00,13.6,49,485.0,0
2026-03-19 16:00:00,13.8,47,411.0,0
2026-03-19 17:00:00,13.6,48,302.0,0
2026-03-19 18:00:00,13.2,52,172.0,1
2026-03-19 19:00:00,11.0,70,50.0,1
2026-03-19 20:00:00,9.2,72,1.0,95
2026-03-19 21:00:00,8.1,79,0.0,100
2026-03-19 22:00:00,7.9,76,0.0,91
2026-03-19 23:00:00,7.6,74,0.0,92
2026-03-20 00:00:00,7.1,75,0.0,100
2026-03-20 01:00:00,6.3,77,0.0,12
2026-03-20 02:00:00,4.7,87,0.0,9
2026-03-20 03:00:00,3.7,90,0.0,10
2026-03-20 04:00:00,3.0,91,0.0,34
2026-03-20 05:00:00,3.2,88,0.0,98
2026-03-20 06:00:00,4.0,88,0.0,100
2026-03-20 07:00:00,4.5,86,0.0,100
2026-03-20 08:00:00,4.9,87,0.0,100
2026-03-20 09:00:00,5.2,88,0.0,85
2026-03-20 10:00:00,7.0,82,64.0,51
2026-03-20 11:00:00,8.9,78,260.0,32
2026-03-20 12:00:00,10.6,72,421.0,63
2026-03-20 13:00:00,11.5,62,410.0,100
2026-03-20 14:00:00,12.1,56,421.0,6
2026-03-20 15:00:00,12.7,51,458.0,19
2026-03-20 16:00:00,12.9,48,391.0,19
2026-03-20 17:00:00,12.4,47,284.0,24
2026-03-20 18:00:00,11.7,48,163.0,27
2026-03-20 19:00:00,10.0,61,48.0,81
2026-03-20 20:00:00,10.0,60,0.0,100
2026-03-20 21:00:00,9.4,65,0.0,83
2026-03-20 22:00:00,8.2,75,0.0,35
2026-03-20 23:00:00,7.1,84,0.0,15
2026-03-21 00:00:00,6.0,90,0.0,27
2026-03-21 01:00:00,5.3,94,0.0,37
2026-03-21 02:00:00,5.2,93,0.0,17
2026-03-21 03:00:00,5.1,95,0.0,48
2026-03-21 04:00:00,5.1,96,0.0,61
2026-03-21 05:00:00,5.2,97,0.0,88
2026-03-21 06:00:00,5.4,97,0.0,86
2026-03-21 07:00:00,5.3,98,0.0,87
2026-03-21 08:00:00,5.7,95,0.0,89
2026-03-21 09:00:00,6.1,92,1.0,100
2026-03-21 10:00:00,6.9,88,16.0,100
2026-03-21 11:00:00,7.8,84,32.0,99
2026-03-21 12:00:00,8.9,75,54.0,91
2026-03-21 13:00:00,9.5,68,131.0,55
2026-03-21 14:00:00,8.8,74,252.0,57
2026-03-21 15:00:00,9.1,72,85.0,100
2026-03-21 16:00:00,8.9,71,13.0,100
2026-03-21 17:00:00,9.1,69,28.0,64
2026-03-21 18:00:00,8.9,70,43.0,77
2026-03-21 19:00:00,8.3,73,37.0,74
2026-03-21 20:00:00,7.2,82,0.0,25
2026-03-21 21:00:00,6.6,83,0.0,20
2026-03-21 22:00:00,5.8,84,0.0,0
2026-03-21 23:00:00,5.2,82,0.0,0
2026-03-22 00:00:00,4.6,80,0.0,0
2026-03-22 01:00:00,4.0,78,0.0,0
2026-03-22 02:00:00,3.4,80,0.0,0
2026-03-22 03:00:00,2.7,81,0.0,0
2026-03-22 04:00:00,2.3,81,0.0,0
2026-03-22 05:00:00,2.2,82,0.0,0
2026-03-22 06:00:00,2.0,82,0.0,0
2026-03-22 07:00:00,1.6,83,0.0,0
2026-03-22 08:00:00,1.5,83,9.0,0
2026-03-22 09:00:00,2.7,80,92.0,0
2026-03-22 10:00:00,4.8,70,225.0,0
2026-03-22 11:00:00,7.1,64,354.0,0
2026-03-22 12:00:00,9.2,60,456.0,0
2026-03-22 13:00:00,11.1,56,518.0,0
2026-03-22 14:00:00,12.8,49,535.0,0
2026-03-22 15:00:00,13.7,43,503.0,0
2026-03-22 16:00:00,13.9,41,429.0,0
2026-03-22 17:00:00,13.7,40,319.0,1
2026-03-22 18:00:00,12.9,43,186.0,9
2026-03-22 19:00:00,10.7,59,60.0,19
2026-03-22 20:00:00,9.2,62,2.0,20
2026-03-22 21:00:00,8.4,62,0.0,2
2026-03-22 22:00:00,7.5,64,0.0,0
2026-03-22 23:00:00,6.4,71,0.0,0
2026-03-23 00:00:00,5.6,75,0.0,0
2026-03-23 01:00:00,4.4,82,0.0,0
2026-03-23 02:00:00,3.5,83,0.0,0
2026-03-23 03:00:00,2.9,83,0.0,0
2026-03-23 04:00:00,2.6,83,0.0,0
2026-03-23 05:00:00,2.5,84,0.0,0
2026-03-23 06:00:00,2.0,87,0.0,0
2026-03-23 07:00:00,1.5,90,0.0,0
2026-03-23 08:00:00,1.8,86,11.0,0
2026-03-23 09:00:00,3.5,76,99.0,0
2026-03-23 10:00:00,6.5,63,234.0,0
2026-03-23 11:00:00,9.1,55,363.0,0
2026-03-23 12:00:00,11.5,48,466.0,0
2026-03-23 13:00:00,13.1,41,529.0,2
2026-03-23 14:00:00,13.9,40,545.0,8
2026-03-23 15:00:00,14.7,38,509.0,0
2026-03-23 16:00:00,14.8,37,434.0,0
2026-03-23 17:00:00,14.6,37,324.0,0
2026-03-23 18:00:00,14.1,40,191.0,86
2026-03-23 19:00:00,11.9,62,62.0,100
2026-03-23 20:00:00,10.1,65,2.0,100
2026-03-23 21:00:00,9.2,68,0.0,100
2026-03-23 22:00:00,8.4,69,0.0,100
2026-03-23 23:00:00,7.6,71,0.0,96
2026-03-24 00:00:00,6.2,74,0.0,100
2026-03-24 01:00:00,5.6,73,0.0,99
2026-03-24 02:00:00,5.2,70,0.0,99
2026-03-24 03:00:00,4.8,71,0.0,100
2026-03-24 04:00:00,4.4,73,0.0,97
2026-03-24 05:00:00,4.0,74,0.0,100
2026-03-24 06:00:00,3.8,74,0.0,100
2026-03-24 07:00:00,4.0,73,0.0,98
2026-03-24 08:00:00,4.2,72,2.0,100
2026-03-24 09:00:00,6.9,62,34.0,100
2026-03-24 10:00:00,9.7,57,86.0,100
2026-03-24 11:00:00,12.5,48,178.0,100
2026-03-24 12:00:00,14.2,41,245.0,100
2026-03-24 13:00:00,15.1,39,212.0,100
2026-03-24 14:00:00,15.4,39,155.0,100
2026-03-24 15:00:00,15.1,37,35.0,100
2026-03-24 16:00:00,15.3,40,48.0,100
2026-03-24 17:00:00,15.4,40,43.0,100
2026-03-24 18:00:00,14.6,43,12.0,100
2026-03-24 19:00:00,13.6,46,0.0,100
2026-03-24 20:00:00,13.5,45,0.0,100
2026-03-24 21:00:00,13.1,45,0.0,100
2026-03-24 22:00:00,13.1,44,0.0,100
2026-03-24 23:00:00,12.7,45,0.0,100
2026-03-25 00:00:00,12.0,48,0.0,100
2026-03-25 01:00:00,11.6,50,0.0,95
2026-03-25 02:00:00,11.8,51,0.0,95
2026-03-25 03:00:00,11.4,52,0.0,34
2026-03-25 04:00:00,11.1,53,0.0,92
2026-03-25 05:00:00,10.8,54,0.0,90
2026-03-25 06:00:00,10.9,54,0.0,75
2026-03-25 07:00:00,10.8,55,0.0,100
2026-03-25 08:00:00,11.8,51,6.0,100
2026-03-25 09:00:00,11.8,56,9.0,100
2026-03-25 10:00:00,11.2,64,0.0,100
2026-03-25 11:00:00,10.9,65,79.0,100
2026-03-25 12:00:00,10.6,56,21.0,100
2026-03-25 13:00:00,10.6,49,4.0,24
2026-03-25 14:00:00,10.2,57,406.0,66
2026-03-25 15:00:00,10.1,54,319.0,79
2026-03-25 16:00:00,9.2,60,267.0,91
2026-03-25 17:00:00,8.9,61,163.0,84
2026-03-25 18:00:00,8.3,65,105.0,100
2026-03-25 19:00:00,7.1,71,1.0,100
2026-03-25 20:00:00,6.6,74,0.0,100
2026-03-25 21:00:00,6.2,74,0.0,100
2026-03-25 22:00:00,5.4,76,0.0,97
2026-03-25 23:00:00,4.8,78,0.0,43
2026-03-26 00:00:00,4.2,81,0.0,0
2026-03-26 01:00:00,3.8,83,0.0,0
2026-03-26 02:00:00,3.5,83,0.0,28
2026-03-26 03:00:00,3.2,84,0.0,46
2026-03-26 04:00:00,2.8,86,0.0,82
2026-03-26 05:00:00,2.6,88,0.0,91
2026-03-26 06:00:00,2.7,88,0.0,100
2026-03-26 07:00:00,3.0,85,0.0,100
2026-03-26 08:00:00,3.1,82,2.0,2
2026-03-26 09:00:00,4.2,77,90.0,53
2026-03-26 10:00:00,5.2,69,161.0,36
2026-03-26 11:00:00,6.2,58,246.0,79
2026-03-26 12:00:00,6.9,51,279.0,65
2026-03-26 13:00:00,7.8,54,338.0,5
2026-03-26 14:00:00,6.7,54,464.0,51
2026-03-26 15:00:00,5.9,60,369.0,72
2026-03-26 16:00:00,6.9,55,203.0,13
2026-03-26 17:00:00,7.2,48,311.0,20
2026-03-26 18:00:00,7.2,38,181.0,1
2026-03-26 19:00:00,6.3,41,72.0,0
2026-03-26 20:00:00,4.8,52,4.0,5
2026-03-26 21:00:00,3.8,58,0.0,1
2026-03-26 22:00:00,3.0,61,0.0,0
2026-03-26 23:00:00,2.3,66,0.0,0
2026-03-27 00:00:00,1.5,75,0.0,0
2026-03-27 01:00:00,0.8,82,0.0,0
2026-03-27 02:00:00,0.5,78,0.0,0
2026-03-27 03:00:00,0.2,82,0.0,0
2026-03-27 04:00:00,-0.1,86,0.0,0
2026-03-27 05:00:00,-0.3,89,0.0,0
2026-03-27 06:00:00,-0.6,91,0.0,0
2026-03-27 07:00:00,-0.8,91,0.0,6
2026-03-27 08:00:00,0.2,89,16.0,0
2026-03-27 09:00:00,2.2,83,111.0,32
2026-03-27 10:00:00,4.1,74,195.0,57
2026-03-27 11:00:00,5.5,62,241.0,95
2026-03-27 12:00:00,6.3,54,186.0,91
2026-03-27 13:00:00,6.9,49,164.0,86
2026-03-27 14:00:00,7.7,43,129.0,58
2026-03-27 15:00:00,8.5,38,327.0,57
2026-03-27 16:00:00,8.8,36,275.0,37
2026-03-27 17:00:00,8.8,35,234.0,43
2026-03-27 18:00:00,8.3,37,179.0,52
2026-03-27 19:00:00,7.2,43,53.0,10
2026-03-27 20:00:00,5.9,51,4.0,1
2026-03-27 21:00:00,4.8,60,0.0,2
2026-03-27 22:00:00,3.8,67,0.0,15
2026-03-27 23:00:00,3.2,66,0.0,2
2026-03-28 00:00:00,2.3,68,0.0,9
2026-03-28 01:00:00,1.8,71,0.0,12
2026-03-28 02:00:00,0.9,71,0.0,52
2026-03-28 03:00:00,0.5,70,0.0,99
2026-03-28 04:00:00,0.6,68,0.0,100
2026-03-28 05:00:00,0.8,68,0.0,26
2026-03-28 06:00:00,0.6,71,0.0,50
2026-03-28 07:00:00,0.8,71,0.0,100
2026-03-28 08:00:00,1.8,68,4.0,100
2026-03-28 09:00:00,3.0,65,10.0,100
2026-03-28 10:00:00,5.1,58,40.0,100
2026-03-28 11:00:00,6.2,57,30.0,100
2026-03-28 12:00:00,5.9,60,0.0,100
2026-03-28 13:00:00,5.4,69,0.0,100
2026-03-28 14:00:00,5.6,76,11.0,100
2026-03-28 15:00:00,5.8,78,21.0,100
2026-03-28 16:00:00,5.0,86,0.0,100
2026-03-28 17:00:00,4.3,95,0.0,100
2026-03-28 18:00:00,4.6,96,0.0,100
2026-03-28 19:00:00,4.6,95,0.0,100
2026-03-28 20:00:00,4.5,96,0.0,100
2026-03-28 21:00:00,4.4,95,0.0,100
2026-03-28 22:00:00,4.6,94,0.0,100
2026-03-28 23:00:00,4.0,96,0.0,100
2026-03-29 00:00:00,4.0,95,0.0,100
2026-03-29 01:00:00,4.2,94,0.0,100
2026-03-29 02:00:00,4.2,93,0.0,100
2026-03-29 03:00:00,3.2,94,0.0,100
2026-03-29 04:00:00,2.2,95,0.0,86
2026-03-29 05:00:00,1.9,95,0.0,95
2026-03-29 06:00:00,1.5,96,0.0,49
2026-03-29 07:00:00,1.0,96,0.0,7
2026-03-29 08:00:00,1.6,94,22.0,16
2026-03-29 09:00:00,3.5,89,122.0,16
2026-03-29 10:00:00,5.1,81,213.0,59
2026-03-29 11:00:00,6.0,72,74.0,100
2026-03-29 12:00:00,6.2,71,65.0,100
2026-03-29 13:00:00,7.3,64,63.0,98
2026-03-29 14:00:00,7.4,61,74.0,99
2026-03-29 15:00:00,7.9,57,39.0,97
2026-03-29 16:00:00,8.5,53,46.0,100
2026-03-29 17:00:00,8.7,51,48.0,61
2026-03-29 18:00:00,8.8,48,82.0,33
2026-03-29 19:00:00,8.1,57,20.0,97
2026-03-29 20:00:00,6.3,67,2.0,91
2026-03-29 21:00:00,5.9,68,0.0,100
2026-03-29 22:00:00,5.6,69,0.0,100
2026-03-29 23:00:00,5.6,63,0.0,100
2026-03-30 00:00:00,5.8,64,0.0,100
2026-03-30 01:00:00,5.7,64,0.0,100
2026-03-30 02:00:00,5.9,68,0.0,100
2026-03-30 03:00:00,5.6,74,0.0,100
2026-03-30 04:00:00,5.1,78,0.0,100
2026-03-30 05:00:00,4.7,82,0.0,100
2026-03-30 06:00:00,4.7,81,0.0,100
2026-03-30 07:00:00,4.3,87,0.0,100
2026-03-30 08:00:00,4.6,84,0.0,100
2026-03-30 09:00:00,4.6,83,0.0,100
2026-03-30 10:00:00,4.4,86,1.0,100
2026-03-30 11:00:00,5.5,84,2.0,100
2026-03-30 12:00:00,6.8,70,170.0,96
2026-03-30 13:00:00,7.1,71,106.0,98
2026-03-30 14:00:00,6.9,75,44.0,91
2026-03-30 15:00:00,8.6,63,258.0,66
2026-03-30 16:00:00,8.6,58,128.0,66
2026-03-30 17:00:00,8.4,59,149.0,29
2026-03-30 18:00:00,8.2,55,103.0,30
2026-03-30 19:00:00,7.0,62,64.0,70
2026-03-30 20:00:00,5.3,77,3.0,66
2026-03-30 21:00:00,4.3,85,0.0,63
2026-03-30 22:00:00,4.2,86,0.0,11
2026-03-30 23:00:00,4.0,89,0.0,1
2026-03-31 00:00:00,3.5,90,0.0,1
2026-03-31 01:00:00,3.1,91,0.0,2
2026-03-31 02:00:00,3.5,94,0.0,19
2026-03-31 03:00:00,3.2,94,0.0,5
2026-03-31 04:00:00,2.9,94,0.0,3
2026-03-31 05:00:00,2.5,95,0.0,2
2026-03-31 06:00:00,2.2,95,0.0,5
2026-03-31 07:00:00,2.0,95,0.0,27
2026-03-31 08:00:00,3.3,95,19.0,21
2026-03-31 09:00:00,4.6,89,88.0,80
2026-03-31 10:00:00,5.8,83,68.0,64
2026-03-31 11:00:00,7.1,70,160.0,55
2026-03-31 12:00:00,7.9,62,231.0,100
2026-03-31 13:00:00,8.8,56,112.0,100
2026-03-31 14:00:00,9.1,62,282.0,92
2026-03-31 15:00:00,9.0,58,176.0,18
2026-03-31 16:00:00,9.8,51,352.0,52
2026-03-31 17:00:00,9.3,57,199.0,75
2026-03-31 18:00:00,9.1,61,69.0,48
2026-03-31 19:00:00,8.6,62,53.0,52
2026-03-31 20:00:00,7.3,68,4.0,89
2026-03-31 21:00:00,6.2,72,0.0,91
2026-03-31 22:00:00,5.3,78,0.0,62
2026-03-31 23:00:00,4.3,82,0.0,77
2026-04-01 00:00:00,3.5,79,0.0,62
2026-04-01 01:00:00,2.5,76,0.0,90
2026-04-01 02:00:00,3.8,96,0.0,19
2026-04-01 03:00:00,3.0,98,0.0,30
2026-04-01 04:00:00,2.5,97,0.0,9
2026-04-01 05:00:00,2.0,97,0.0,7
2026-04-01 06:00:00,1.1,100,0.0,17
2026-04-01 07:00:00,0.9,100,0.0,100
2026-04-01 08:00:00,2.3,100,12.0,100
2026-04-01 09:00:00,3.0,98,7.0,100
2026-04-01 10:00:00,3.8,92,21.0,100
2026-04-01 11:00:00,5.2,87,73.0,100
2026-04-01 12:00:00,6.2,82,49.0,100
2026-04-01 13:00:00,7.7,74,136.0,61
2026-04-01 14:00:00,6.9,75,274.0,71
2026-04-01 15:00:00,8.1,68,251.0,48
2026-04-01 16:00:00,8.6,63,287.0,46
2026-04-01 17:00:00,8.5,64,231.0,1
2026-04-01 18:00:00,7.8,69,203.0,0
2026-04-01 19:00:00,6.8,72,86.0,0
2026-04-01 20:00:00,5.1,83,9.0,1
2026-04-01 21:00:00,4.4,85,0.0,0
2026-04-01 22:00:00,4.1,86,0.0,1
2026-04-01 23:00:00,3.5,88,0.0,0
2026-04-02 00:00:00,3.2,89,0.0,0
2026-04-02 01:00:00,2.8,88,0.0,0
2026-04-02 02:00:00,2.3,85,0.0,0
2026-04-02 03:00:00,1.7,87,0.0,0
2026-04-02 04:00:00,1.2,88,0.0,0
2026-04-02 05:00:00,0.6,90,0.0,0
2026-04-02 06:00:00,-0.1,91,0.0,0
2026-04-02 07:00:00,-0.6,93,0.0,0
2026-04-02 08:00:00,-0.1,90,33.0,0
2026-04-02 09:00:00,2.3,82,147.0,0
2026-04-02 10:00:00,5.4,70,289.0,17
2026-04-02 11:00:00,8.0,60,408.0,72
2026-04-02 12:00:00,9.6,53,468.0,96
2026-04-02 13:00:00,10.6,49,516.0,100
2026-04-02 14:00:00,11.9,45,519.0,78
2026-04-02 15:00:00,12.7,39,492.0,94
2026-04-02 16:00:00,12.9,39,360.0,98
2026-04-02 17:00:00,12.6,39,304.0,61
2026-04-02 18:00:00,12.2,41,230.0,38
2026-04-02 19:00:00,11.1,53,84.0,77
2026-04-02 20:00:00,10.0,61,4.0,100
2026-04-02 21:00:00,10.2,60,0.0,100
2026-04-02 22:00:00,9.4,65,0.0,100
2026-04-02 23:00:00,8.4,75,0.0,93
2026-04-03 00:00:00,7.9,77,0.0,29
2026-04-03 01:00:00,6.9,86,0.0,97
2026-04-03 02:00:00,7.2,90,0.0,93
2026-04-03 03:00:00,5.9,86,0.0,99
2026-04-03 04:00:00,4.8,82,0.0,96
2026-04-03 05:00:00,4.1,84,0.0,57
2026-04-03 06:00:00,3.1,88,0.0,23
2026-04-03 07:00:00,2.3,92,0.0,32
2026-04-03 08:00:00,3.1,85,21.0,48
2026-04-03 09:00:00,4.6,77,104.0,100
2026-04-03 10:00:00,5.8,68,91.0,99
2026-04-03 11:00:00,6.8,57,148.0,100
2026-04-03 12:00:00,7.1,55,22.0,100
2026-04-03 13:00:00,7.9,52,62.0,100
2026-04-03 14:00:00,8.9,46,89.0,95
2026-04-03 15:00:00,9.6,45,210.0,27
2026-04-03 16:00:00,10.6,44,404.0,22
2026-04-03 17:00:00,11.1,44,324.0,5
2026-04-03 18:00:00,11.3,44,191.0,66
2026-04-03 19:00:00,10.7,51,41.0,95
2026-04-03 20:00:00,9.5,64,9.0,97
2026-04-03 21:00:00,10.1,57,0.0,100
2026-04-03 22:00:00,10.2,57,0.0,98
2026-04-03 23:00:00,10.2,58,0.0,100
2026-04-04 00:00:00,10.2,58,0.0,100
2026-04-04 01:00:00,10.4,57,0.0,100
2026-04-04 02:00:00,9.6,73,0.0,100
2026-04-04 03:00:00,10.6,70,0.0,100
2026-04-04 04:00:00,11.2,70,0.0,98
2026-04-04 05:00:00,10.9,75,0.0,100
2026-04-04 06:00:00,11.4,75,0.0,85
2026-04-04 07:00:00,11.1,79,0.0,100
2026-04-04 08:00:00,11.2,83,0.0,100
2026-04-04 09:00:00,11.4,80,8.0,100
2026-04-04 10:00:00,11.8,70,57.0,100
2026-04-04 11:00:00,12.8,55,203.0,100
2026-04-04 12:00:00,13.2,52,323.0,100
2026-04-04 13:00:00,13.8,45,385.0,98
2026-04-04 14:00:00,14.4,38,535.0,94
2026-04-04 15:00:00,14.8,36,485.0,48
2026-04-04 16:00:00,15.1,33,400.0,69
2026-04-04 17:00:00,15.6,30,227.0,80
2026-04-04 18:00:00,14.4,40,116.0,67
2026-04-04 19:00:00,13.0,50,68.0,95
2026-04-04 20:00:00,11.8,57,8.0,37
2026-04-04 21:00:00,11.1,69,0.0,100
2026-04-04 22:00:00,11.4,65,0.0,77
2026-04-04 23:00:00,10.6,67,0.0,63
2026-04-05 00:00:00,10.1,75,0.0,26
2026-04-05 01:00:00,9.6,81,0.0,59
2026-04-05 02:00:00,9.4,81,0.0,52
2026-04-05 03:00:00,9.4,84,0.0,5
2026-04-05 04:00:00,9.6,86,0.0,72
2026-04-05 05:00:00,10.4,84,0.0,99
2026-04-05 06:00:00,11.1,80,0.0,99
2026-04-05 07:00:00,11.8,76,0.0,100
2026-04-05 08:00:00,12.9,69,9.0,100
2026-04-05 09:00:00,14.2,64,16.0,100
2026-04-05 10:00:00,15.6,61,66.0,100
2026-04-05 11:00:00,16.5,57,44.0,100
2026-04-05 12:00:00,17.4,48,143.0,100
2026-04-05 13:00:00,17.2,48,102.0,100
2026-04-05 14:00:00,17.2,40,166.0,100
2026-04-05 15:00:00,16.4,41,1.0,100
2026-04-05 16:00:00,14.4,53,18.0,100
2026-04-05 17:00:00,14.2,46,25.0,100
2026-04-05 18:00:00,12.8,50,1.0,57
2026-04-05 19:00:00,12.2,54,51.0,44
2026-04-05 20:00:00,11.5,56,7.0,49
2026-04-05 21:00:00,10.8,59,0.0,16
2026-04-05 22:00:00,9.3,69,0.0,93
2026-04-05 23:00:00,8.6,78,0.0,44
2026-04-06 00:00:00,7.9,75,0.0,89
2026-04-06 01:00:00,7.5,75,0.0,93
2026-04-06 02:00:00,7.7,69,0.0,95
2026-04-06 03:00:00,7.4,65,0.0,30
2026-04-06 04:00:00,7.0,66,0.0,45
2026-04-06 05:00:00,6.3,69,0.0,21
2026-04-06 06:00:00,5.7,70,0.0,9
2026-04-06 07:00:00,5.3,70,0.0,65
2026-04-06 08:00:00,6.2,64,40.0,15
2026-04-06 09:00:00,7.6,58,163.0,9
2026-04-06 10:00:00,8.9,51,301.0,7
2026-04-06 11:00:00,9.9,45,421.0,96
2026-04-06 12:00:00,11.1,37,510.0,95
2026-04-06 13:00:00,11.9,29,385.0,55
2026-04-06 14:00:00,12.4,28,510.0,61
2026-04-06 15:00:00,12.8,28,321.0,64
2026-04-06 16:00:00,12.4,31,167.0,63
2026-04-06 17:00:00,12.2,34,235.0,43
2026-04-06 18:00:00,12.0,34,164.0,27
2026-04-06 19:00:00,11.4,35,91.0,5
2026-04-06 20:00:00,9.9,40,14.0,0
2026-04-06 21:00:00,8.9,44,0.0,0
2026-04-06 22:00:00,7.9,49,0.0,0
2026-04-06 23:00:00,6.9,53,0.0,1
2026-04-07 00:00:00,6.1,58,0.0,0
2026-04-07 01:00:00,5.2,63,0.0,9
2026-04-07 02:00:00,4.3,63,0.0,4
2026-04-07 03:00:00,3.5,68,0.0,0
2026-04-07 04:00:00,2.8,71,0.0,0
2026-04-07 05:00:00,2.3,75,0.0,0
2026-04-07 06:00:00,2.0,79,0.0,0
2026-04-07 07:00:00,1.9,81,1.0,0
2026-04-07 08:00:00,3.0,75,49.0,0
2026-04-07 09:00:00,5.3,66,171.0,4
2026-04-07 10:00:00,7.4,56,310.0,1
2026-04-07 11:00:00,9.2,43,440.0,0
2026-04-07 12:00:00,10.6,41,546.0,9
2026-04-07 13:00:00,11.6,44,567.0,8
2026-04-07 14:00:00,12.6,38,585.0,4
2026-04-07 15:00:00,13.4,35,573.0,3
2026-04-07 16:00:00,13.7,33,494.0,1
2026-04-07 17:00:00,13.4,35,381.0,1
2026-04-07 18:00:00,12.8,38,247.0,0
2026-04-07 19:00:00,11.7,43,110.0,0
2026-04-07 20:00:00,10.4,44,16.0,0
2026-04-07 21:00:00,9.6,48,0.0,0
2026-04-07 22:00:00,8.9,51,0.0,0
2026-04-07 23:00:00,7.8,56,0.0,0
2026-04-08 00:00:00,6.6,60,0.0,0
2026-04-08 01:00:00,5.5,62,0.0,0
2026-04-08 02:00:00,4.4,61,0.0,0
2026-04-08 03:00:00,3.4,64,0.0,0
2026-04-08 04:00:00,2.4,67,0.0,0
2026-04-08 05:00:00,2.0,68,0.0,0
2026-04-08 06:00:00,1.5,71,0.0,0
2026-04-08 07:00:00,1.1,74,1.0,0
2026-04-08 08:00:00,2.5,62,55.0,0
2026-04-08 09:00:00,4.8,51,185.0,0
2026-04-08 10:00:00,7.5,40,332.0,0
2026-04-08 11:00:00,9.8,34,464.0,0
2026-04-08 12:00:00,11.4,28,564.0,0
2026-04-08 13:00:00,12.3,23,624.0,39
2026-04-08 14:00:00,12.9,23,633.0,67
2026-04-08 15:00:00,13.6,22,588.0,80
2026-04-08 16:00:00,13.5,22,497.0,54
2026-04-08 17:00:00,13.2,22,390.0,2
2026-04-08 18:00:00,12.7,25,261.0,3
2026-04-08 19:00:00,11.8,29,118.0,3
2026-04-08 20:00:00,11.1,32,19.0,3
2026-04-08 21:00:00,9.8,36,0.0,89
2026-04-08 22:00:00,8.8,37,0.0,100
2026-04-08 23:00:00,8.1,39,0.0,79
2026-04-09 00:00:00,6.9,46,0.0,64
2026-04-09 01:00:00,6.0,57,0.0,100
2026-04-09 02:00:00,5.7,61,0.0,100
2026-04-09 03:00:00,5.2,62,0.0,100
2026-04-09 04:00:00,4.5,65,0.0,100
2026-04-09 05:00:00,4.0,69,0.0,100
2026-04-09 06:00:00,3.5,73,0.0,100
2026-04-09 07:00:00,3.0,76,0.0,100
2026-04-09 08:00:00,3.5,71,3.0,100
2026-04-09 09:00:00,4.4,67,20.0,100
2026-04-09 10:00:00,5.9,62,78.0,100
2026-04-09 11:00:00,7.7,53,139.0,100
2026-04-09 12:00:00,9.6,39,448.0,100
2026-04-09 13:00:00,10.6,31,422.0,100
2026-04-09 14:00:00,11.2,24,503.0,87
2026-04-09 15:00:00,12.1,22,528.0,59
2026-04-09 16:00:00,12.3,22,502.0,59
2026-04-09 17:00:00,12.1,25,388.0,10
2026-04-09 18:00:00,11.6,28,263.0,0
2026-04-09 19:00:00,10.8,32,121.0,0
2026-04-09 20:00:00,9.4,41,20.0,0
2026-04-09 21:00:00,8.1,42,0.0,13
2026-04-09 22:00:00,7.1,39,0.0,80
2026-04-09 23:00:00,6.3,37,0.0,99
2026-04-10 00:00:00,5.8,38,0.0,100
2026-04-10 01:00:00,5.2,41,0.0,100
2026-04-10 02:00:00,5.7,42,0.0,100
2026-04-10 03:00:00,5.3,43,0.0,100
2026-04-10 04:00:00,5.2,42,0.0,100
2026-04-10 05:00:00,5.3,42,0.0,100
2026-04-10 06:00:00,4.3,53,0.0,100
2026-04-10 07:00:00,3.8,59,0.0,99
2026-04-10 08:00:00,3.8,70,0.0,100
2026-04-10 09:00:00,3.5,82,0.0,100
2026-04-10 10:00:00,3.8,84,0.0,100
2026-04-10 11:00:00,4.6,79,2.0,100
2026-04-10 12:00:00,5.8,72,17.0,100
2026-04-10 13:00:00,7.6,65,104.0,19
2026-04-10 14:00:00,8.7,65,428.0,63
2026-04-10 15:00:00,10.4,54,319.0,59
2026-04-10 16:00:00,11.6,44,238.0,96
2026-04-10 17:00:00,11.4,45,65.0,70
2026-04-10 18:00:00,11.4,45,101.0,33
2026-04-10 19:00:00,10.4,52,86.0,16
2026-04-10 20:00:00,8.4,73,14.0,5
2026-04-10 21:00:00,7.4,79,0.0,7
2026-04-10 22:00:00,6.4,84,0.0,7
2026-04-10 23:00:00,5.3,89,0.0,16
2026-04-11 00:00:00,4.4,93,0.0,1
2026-04-11 01:00:00,4.0,93,0.0,0
2026-04-11 02:00:00,3.2,92,0.0,0
2026-04-11 03:00:00,2.8,93,0.0,25
2026-04-11 04:00:00,2.5,93,0.0,0
2026-04-11 05:00:00,2.5,92,0.0,1
2026-04-11 06:00:00,2.5,91,0.0,0
2026-04-11 07:00:00,2.5,90,2.0,4
2026-04-11 08:00:00,3.3,86,60.0,0
2026-04-11 09:00:00,5.3,78,186.0,4
2026-04-11 10:00:00,8.1,68,327.0,11
2026-04-11 11:00:00,10.4,57,456.0,14
2026-04-11 12:00:00,11.8,45,556.0,31
2026-04-11 13:00:00,12.6,39,613.0,46
2026-04-11 14:00:00,13.0,38,631.0,100
2026-04-11 15:00:00,13.5,34,575.0,95
2026-04-11 16:00:00,13.6,32,499.0,95
2026-04-11 17:00:00,13.2,31,375.0,93
2026-04-11 18:00:00,12.4,35,198.0,100
2026-04-11 19:00:00,11.4,41,92.0,70
2026-04-11 20:00:00,10.8,44,20.0,98
2026-04-11 21:00:00,9.9,46,0.0,79
2026-04-11 22:00:00,9.2,49,0.0,27
2026-04-11 23:00:00,8.8,50,0.0,42
2026-04-12 00:00:00,8.3,51,0.0,27
2026-04-12 01:00:00,7.7,53,0.0,78
2026-04-12 02:00:00,7.8,58,0.0,91
2026-04-12 03:00:00,7.4,60,0.0,100
2026-04-12 04:00:00,7.4,61,0.0,100
2026-04-12 05:00:00,7.3,67,0.0,100
2026-04-12 06:00:00,7.1,77,0.0,100
2026-04-12 07:00:00,7.2,94,0.0,100
2026-04-12 08:00:00,7.2,96,0.0,100
2026-04-12 09:00:00,7.1,90,0.0,100
2026-04-12 10:00:00,7.5,86,3.0,100
2026-04-12 11:00:00,8.4,80,22.0,100
2026-04-12 12:00:00,9.5,69,12.0,100
2026-04-12 13:00:00,11.1,60,60.0,100
2026-04-12 14:00:00,11.1,60,211.0,100
2026-04-12 15:00:00,11.8,58,21.0,100
2026-04-12 16:00:00,12.0,56,14.0,100
2026-04-12 17:00:00,12.1,55,10.0,100
2026-04-12 18:00:00,11.9,55,13.0,100
2026-04-12 19:00:00,10.8,68,1.0,100
2026-04-12 20:00:00,9.4,78,1.0,100
2026-04-12 21:00:00,8.6,83,0.0,100
2026-04-12 22:00:00,7.9,87,0.0,100
2026-04-12 23:00:00,7.6,88,0.0,100
2026-04-13 00:00:00,7.1,90,0.0,100
2026-04-13 01:00:00,6.1,94,0.0,100
2026-04-13 02:00:00,6.3,95,0.0,100
2026-04-13 03:00:00,6.5,96,0.0,99
2026-04-13 04:00:00,6.2,98,0.0,100
2026-04-13 05:00:00,6.3,99,0.0,100
2026-04-13 06:00:00,6.3,99,0.0,100
2026-04-13 07:00:00,6.7,97,0.0,100
2026-04-13 08:00:00,7.2,94,1.0,100
2026-04-13 09:00:00,7.8,89,10.0,100
2026-04-13 10:00:00,9.6,79,63.0,100
2026-04-13 11:00:00,10.9,72,53.0,100
2026-04-13 12:00:00,11.6,67,73.0,100
2026-04-13 13:00:00,12.8,61,236.0,100
2026-04-13 14:00:00,11.6,67,249.0,100
2026-04-13 15:00:00,12.4,62,57.0,100
2026-04-13 16:00:00,13.5,58,2.0,100
2026-04-13 17:00:00,14.4,56,41.0,100
2026-04-13 18:00:00,14.0,54,9.0,100
2026-04-13 19:00:00,13.4,60,13.0,100
2026-04-13 20:00:00,11.9,73,0.0,100
2026-04-13 21:00:00,10.8,75,0.0,100
2026-04-13 22:00:00,10.1,76,0.0,100
2026-04-13 23:00:00,9.8,77,0.0,100
2026-04-14 00:00:00,9.4,76,0.0,98
2026-04-14 01:00:00,8.8,79,0.0,82
2026-04-14 02:00:00,8.6,83,0.0,95
2026-04-14 03:00:00,8.4,85,0.0,98
2026-04-14 04:00:00,8.0,84,0.0,100
2026-04-14 05:00:00,7.7,87,0.0,100
2026-04-14 06:00:00,7.3,91,0.0,100
2026-04-14 07:00:00,7.8,91,0.0,100
2026-04-14 08:00:00,8.4,92,2.0,100
2026-04-14 09:00:00,9.1,89,6.0,100
2026-04-14 10:00:00,9.8,82,3.0,100
2026-04-14 11:00:00,10.8,75,43.0,100
2026-04-14 12:00:00,11.2,70,36.0,100
2026-04-14 13:00:00,12.2,63,48.0,100
2026-04-14 14:00:00,12.2,62,71.0,100
2026-04-14 15:00:00,12.6,61,28.0,100
2026-04-14 16:00:00,13.1,57,50.0,100
2026-04-14 17:00:00,13.4,52,82.0,87
2026-04-14 18:00:00,13.6,49,89.0,95
2026-04-14 19:00:00,13.1,57,13.0,91
2026-04-14 20:00:00,11.6,67,11.0,20
2026-04-14 21:00:00,10.1,76,0.0,2
2026-04-14 22:00:00,8.8,81,0.0,0
2026-04-14 23:00:00,8.1,81,0.0,0
2026-04-15 00:00:00,7.2,85,0.0,0
2026-04-15 01:00:00,6.3,88,0.0,0
2026-04-15 02:00:00,5.1,87,0.0,0
2026-04-15 03:00:00,4.1,88,0.0,0
2026-04-15 04:00:00,3.7,88,0.0,0
2026-04-15 05:00:00,3.4,90,0.0,0
2026-04-15 06:00:00,3.0,91,0.0,0
2026-04-15 07:00:00,3.2,91,5.0,0
2026-04-15 08:00:00,4.6,85,69.0,0
2026-04-15 09:00:00,7.7,78,207.0,0
2026-04-15 10:00:00,10.6,68,350.0,0
2026-04-15 11:00:00,12.8,59,476.0,20
2026-04-15 12:00:00,13.9,50,573.0,99
2026-04-15 13:00:00,14.6,46,608.0,99
2026-04-15 14:00:00,15.2,44,606.0,95
2026-04-15 15:00:00,15.7,43,564.0,85
2026-04-15 16:00:00,15.8,42,504.0,98
2026-04-15 17:00:00,15.6,42,356.0,98
2026-04-15 18:00:00,15.2,44,214.0,100
2026-04-15 19:00:00,14.4,50,58.0,100
2026-04-15 20:00:00,13.2,58,5.0,100
2026-04-15 21:00:00,12.9,58,0.0,100
2026-04-15 22:00:00,12.1,62,0.0,100
2026-04-15 23:00:00,11.0,70,0.0,99
2026-04-16 00:00:00,10.1,74,0.0,87
2026-04-16 01:00:00,9.2,77,0.0,97
2026-04-16 02:00:00,10.2,69,0.0,98
2026-04-16 03:00:00,9.7,73,0.0,28
2026-04-16 04:00:00,8.5,79,0.0,59
2026-04-16 05:00:00,8.0,82,0.0,19
2026-04-16 06:00:00,7.2,86,0.0,99
2026-04-16 07:00:00,7.7,85,0.0,67
2026-04-16 08:00:00,9.0,79,32.0,36
2026-04-16 09:00:00,11.6,70,206.0,49
2026-04-16 10:00:00,14.5,60,287.0,16
2026-04-16 11:00:00,16.5,53,371.0,1
2026-04-16 12:00:00,17.9,48,539.0,100
2026-04-16 13:00:00,18.9,42,520.0,100
2026-04-16 14:00:00,19.0,39,411.0,90
2026-04-16 15:00:00,19.9,37,506.0,66
2026-04-16 16:00:00,18.6,43,240.0,77
2026-04-16 17:00:00,17.7,55,184.0,68
2026-04-16 18:00:00,15.8,74,133.0,77
2026-04-16 19:00:00,14.3,81,42.0,40
2026-04-16 20:00:00,14.1,81,21.0,39
2026-04-16 21:00:00,14.2,72,0.0,1
2026-04-16 22:00:00,13.3,67,0.0,5
2026-04-16 23:00:00,12.4,66,0.0,2
2026-04-17 00:00:00,11.6,69,0.0,0
2026-04-17 01:00:00,10.6,74,0.0,0
2026-04-17 02:00:00,9.6,80,0.0,6
2026-04-17 03:00:00,9.1,85,0.0,23
2026-04-17 04:00:00,8.8,89,0.0,100
2026-04-17 05:00:00,8.8,91,0.0,52
2026-04-17 06:00:00,7.9,93,0.0,2
2026-04-17 07:00:00,8.1,94,7.0,5
2026-04-17 08:00:00,9.5,85,76.0,1
2026-04-17 09:00:00,11.8,75,208.0,13
2026-04-17 10:00:00,14.1,66,349.0,33
2026-04-17 11:00:00,16.1,51,470.0,13
2026-04-17 12:00:00,17.4,44,568.0,38
2026-04-17 13:00:00,18.3,43,619.0,16
2026-04-17 14:00:00,19.1,39,645.0,67
2026-04-17 15:00:00,19.0,39,174.0,89
2026-04-17 16:00:00,18.9,39,120.0,97
2026-04-17 17:00:00,19.0,39,206.0,100
2026-04-17 18:00:00,18.2,42,59.0,100
2026-04-17 19:00:00,17.2,48,32.0,100
2026-04-17 20:00:00,16.1,53,1.0,100
2026-04-17 21:00:00,14.6,58,0.0,100
2026-04-17 22:00:00,13.6,61,0.0,100
2026-04-17 23:00:00,12.9,62,0.0,99
2026-04-18 00:00:00,12.2,64,0.0,82
2026-04-18 01:00:00,11.9,66,0.0,99
2026-04-18 02:00:00,12.5,63,0.0,99
2026-04-18 03:00:00,12.2,65,0.0,100
2026-04-18 04:00:00,12.1,65,0.0,100
2026-04-18 05:00:00,11.8,65,0.0,95
2026-04-18 06:00:00,11.1,66,0.0,98
2026-04-18 07:00:00,10.6,68,4.0,74
2026-04-18 08:00:00,11.6,61,43.0,82
2026-04-18 09:00:00,12.8,58,95.0,50
2026-04-18 10:00:00,15.4,51,265.0,30
2026-04-18 11:00:00,18.0,45,388.0,52
2026-04-18 12:00:00,19.9,39,438.0,48
2026-04-18 13:00:00,21.0,34,554.0,97
2026-04-18 14:00:00,20.6,35,297.0,100
2026-04-18 15:00:00,21.5,32,224.0,100
2026-04-18 16:00:00,21.0,34,194.0,100
2026-04-18 17:00:00,20.0,41,115.0,73
2026-04-18 18:00:00,18.9,46,149.0,98
2026-04-18 19:00:00,18.0,51,31.0,99
2026-04-18 20:00:00,17.1,58,10.0,99
2026-04-18 21:00:00,15.8,66,0.0,99
2026-04-18 22:00:00,14.9,68,0.0,92
2026-04-18 23:00:00,14.2,72,0.0,34
2026-04-19 00:00:00,13.2,77,0.0,78
2026-04-19 01:00:00,12.2,83,0.0,99
2026-04-19 02:00:00,12.2,87,0.0,80
2026-04-19 03:00:00,11.8,89,0.0,47
2026-04-19 04:00:00,10.9,93,0.0,46
2026-04-19 05:00:00,10.4,95,0.0,95
2026-04-19 06:00:00,10.2,95,0.0,100
2026-04-19 07:00:00,10.2,97,1.0,100
2026-04-19 08:00:00,10.2,98,1.0,100
2026-04-19 09:00:00,10.4,99,0.0,100
2026-04-19 10:00:00,10.6,98,0.0,100
2026-04-19 11:00:00,10.6,98,0.0,100
2026-04-19 12:00:00,10.6,95,1.0,100
2026-04-19 13:00:00,9.6,96,0.0,100
2026-04-19 14:00:00,8.6,96,0.0,100
2026-04-19 15:00:00,8.4,94,0.0,100
2026-04-19 16:00:00,9.2,90,0.0,100
2026-04-19 17:00:00,9.7,84,9.0,100
2026-04-19 18:00:00,9.4,85,11.0,100
2026-04-19 19:00:00,9.1,85,0.0,100
2026-04-19 20:00:00,8.6,87,2.0,100
2026-04-19 21:00:00,7.6,92,0.0,100
2026-04-19 22:00:00,7.4,94,0.0,100
2026-04-19 23:00:00,7.4,93,0.0,100
2026-04-20 00:00:00,7.1,92,0.0,100
2026-04-20 01:00:00,7.2,92,0.0,100
2026-04-20 02:00:00,7.3,92,0.0,100
2026-04-20 03:00:00,7.2,92,0.0,100
2026-04-20 04:00:00,7.1,92,0.0,100
2026-04-20 05:00:00,6.9,92,0.0,100
2026-04-20 06:00:00,5.5,91,0.0,100
2026-04-20 07:00:00,4.2,91,0.0,100
2026-04-20 08:00:00,4.3,90,0.0,100
2026-04-20 09:00:00,4.2,90,0.0,100
2026-04-20 10:00:00,4.1,90,0.0,100
2026-04-20 11:00:00,4.1,92,0.0,100
2026-04-20 12:00:00,3.8,96,0.0,100
2026-04-20 13:00:00,4.2,94,0.0,100
2026-04-20 14:00:00,4.7,91,0.0,100
2026-04-20 15:00:00,5.6,88,2.0,100
2026-04-20 16:00:00,6.0,89,0.0,100
2026-04-20 17:00:00,6.2,90,0.0,100
2026-04-20 18:00:00,6.4,91,0.0,100
2026-04-20 19:00:00,6.5,93,4.0,88
2026-04-20 20:00:00,6.6,96,9.0,77
2026-04-20 21:00:00,6.7,96,0.0,24
2026-04-20 22:00:00,6.3,93,0.0,19
2026-04-20 23:00:00,5.1,88,0.0,3
2026-04-21 00:00:00,4.1,88,0.0,5
2026-04-21 01:00:00,3.7,88,0.0,0
2026-04-21 02:00:00,4.0,87,0.0,33
2026-04-21 03:00:00,3.2,89,0.0,2
2026-04-21 04:00:00,2.8,90,0.0,0
2026-04-21 05:00:00,2.2,90,0.0,0
2026-04-21 06:00:00,1.8,90,0.0,2
2026-04-21 07:00:00,2.0,89,12.0,0
2026-04-21 08:00:00,3.0,85,97.0,0
2026-04-21 09:00:00,4.4,77,238.0,0
2026-04-21 10:00:00,6.2,72,383.0,0
2026-04-21 11:00:00,7.9,67,511.0,0
2026-04-21 12:00:00,9.6,63,607.0,0
2026-04-21 13:00:00,11.1,58,661.0,0
2026-04-21 14:00:00,12.1,48,673.0,32
2026-04-21 15:00:00,12.5,43,531.0,100
2026-04-21 16:00:00,12.2,43,223.0,79
2026-04-21 17:00:00,12.0,40,123.0,100
2026-04-21 18:00:00,12.1,42,137.0,88
2026-04-21 19:00:00,11.5,53,37.0,98
2026-04-21 20:00:00,10.2,60,20.0,69
2026-04-21 21:00:00,8.6,59,0.0,9
2026-04-21 22:00:00,7.1,67,0.0,0
2026-04-21 23:00:00,6.2,68,0.0,0
2026-04-22 00:00:00,5.2,71,0.0,0
2026-04-22 01:00:00,4.4,73,0.0,0
2026-04-22 02:00:00,3.8,74,0.0,0
2026-04-22 03:00:00,3.0,77,0.0,0
2026-04-22 04:00:00,2.3,80,0.0,0
2026-04-22 05:00:00,1.9,82,0.0,0
2026-04-22 06:00:00,1.5,82,0.0,0
2026-04-22 07:00:00,1.9,81,15.0,0
2026-04-22 08:00:00,3.8,75,106.0,0
2026-04-22 09:00:00,6.3,66,248.0,0
2026-04-22 10:00:00,8.8,55,396.0,0
2026-04-22 11:00:00,10.7,47,526.0,0
2026-04-22 12:00:00,12.1,42,622.0,0
2026-04-22 13:00:00,13.1,41,676.0,0
2026-04-22 14:00:00,14.3,37,684.0,0
2026-04-22 15:00:00,15.0,36,647.0,0
2026-04-22 16:00:00,15.2,35,565.0,0
2026-04-22 17:00:00,15.2,35,449.0,0
2026-04-22 18:00:00,14.9,37,309.0,0
2026-04-22 19:00:00,13.8,50,163.0,0
2026-04-22 20:00:00,12.2,61,44.0,0
2026-04-22 21:00:00,10.6,65,1.0,0
2026-04-22 22:00:00,9.6,64,0.0,0
2026-04-22 23:00:00,8.9,65,0.0,0
2026-04-23 00:00:00,8.2,65,0.0,0
2026-04-23 01:00:00,7.5,68,0.0,2
2026-04-23 02:00:00,7.1,66,0.0,50
2026-04-23 03:00:00,6.2,66,0.0,2
2026-04-23 04:00:00,5.3,63,0.0,7
2026-04-23 05:00:00,4.5,62,0.0,8
2026-04-23 06:00:00,3.7,69,0.0,24
2026-04-23 07:00:00,3.5,77,16.0,18
2026-04-23 08:00:00,4.8,78,106.0,0
2026-04-23 09:00:00,6.4,77,255.0,2
2026-04-23 10:00:00,8.1,73,396.0,0
2026-04-23 11:00:00,10.1,66,528.0,0
2026-04-23 12:00:00,11.7,59,628.0,2
2026-04-23 13:00:00,12.6,58,662.0,16
2026-04-23 14:00:00,13.8,55,625.0,9
2026-04-23 15:00:00,14.5,55,616.0,5
2026-04-23 16:00:00,15.1,55,543.0,1
2026-04-23 17:00:00,15.4,54,438.0,1
2026-04-23 18:00:00,15.2,56,302.0,0
2026-04-23 19:00:00,14.4,62,158.0,16
2026-04-23 20:00:00,13.6,62,42.0,13
2026-04-23 21:00:00,12.2,66,1.0,0
2026-04-23 22:00:00,11.1,71,0.0,0
2026-04-23 23:00:00,9.5,76,0.0,2
2026-04-24 00:00:00,8.1,77,0.0,15
2026-04-24 01:00:00,7.1,76,0.0,42
2026-04-24 02:00:00,6.9,78,0.0,73
2026-04-24 03:00:00,6.0,82,0.0,98
2026-04-24 04:00:00,5.2,87,0.0,98
2026-04-24 05:00:00,4.8,91,0.0,100
2026-04-24 06:00:00,5.5,89,0.0,100
2026-04-24 07:00:00,5.8,89,0.0,100
2026-04-24 08:00:00,6.1,85,2.0,100
2026-04-24 09:00:00,6.9,81,13.0,100
2026-04-24 10:00:00,7.9,76,30.0,100
2026-04-24 11:00:00,8.8,73,35.0,100
2026-04-24 12:00:00,10.2,68,81.0,98
2026-04-24 13:00:00,12.3,61,167.0,12
2026-04-24 14:00:00,12.8,61,554.0,9
2026-04-24 15:00:00,13.6,61,532.0,13
2026-04-24 16:00:00,14.1,61,473.0,27
2026-04-24 17:00:00,13.8,61,336.0,9
2026-04-24 18:00:00,13.9,59,256.0,18
2026-04-24 19:00:00,13.4,61,127.0,15
2026-04-24 20:00:00,12.0,67,39.0,0
2026-04-24 21:00:00,10.4,74,1.0,1
2026-04-24 22:00:00,9.1,78,0.0,9
2026-04-24 23:00:00,8.1,81,0.0,23
2026-04-25 00:00:00,7.5,82,0.0,27
2026-04-25 01:00:00,6.8,84,0.0,0
2026-04-25 02:00:00,7.1,81,0.0,6
2026-04-25 03:00:00,5.9,84,0.0,59
2026-04-25 04:00:00,5.2,87,0.0,99
2026-04-25 05:00:00,4.7,89,0.0,100
2026-04-25 06:00:00,4.6,89,0.0,100
2026-04-25 07:00:00,4.9,85,2.0,98
2026-04-25 08:00:00,5.8,79,18.0,66
2026-04-25 09:00:00,6.9,74,146.0,13
2026-04-25 10:00:00,8.4,69,357.0,12
2026-04-25 11:00:00,9.9,65,494.0,13
2026-04-25 12:00:00,11.4,61,554.0,10
2026-04-25 13:00:00,12.8,57,606.0,31
2026-04-25 14:00:00,13.8,54,648.0,4
2026-04-25 15:00:00,14.4,52,623.0,8
2026-04-25 16:00:00,14.6,51,538.0,6
2026-04-25 17:00:00,14.8,50,431.0,5
2026-04-25 18:00:00,14.4,52,293.0,18
2026-04-25 19:00:00,13.8,57,137.0,82
2026-04-25 20:00:00,13.6,51,23.0,65
2026-04-25 21:00:00,12.1,57,1.0,2
2026-04-25 22:00:00,10.0,64,0.0,24
2026-04-25 23:00:00,7.9,72,0.0,53
2026-04-26 00:00:00,7.2,73,0.0,68
2026-04-26 01:00:00,6.9,73,0.0,41
2026-04-26 02:00:00,6.4,73,0.0,79
2026-04-26 03:00:00,5.6,77,0.0,75
2026-04-26 04:00:00,4.9,79,0.0,98
2026-04-26 05:00:00,4.4,82,0.0,28
2026-04-26 06:00:00,3.8,85,0.0,0
2026-04-26 07:00:00,4.1,84,21.0,0
2026-04-26 08:00:00,5.3,78,115.0,0
2026-04-26 09:00:00,7.0,71,258.0,0
2026-04-26 10:00:00,8.6,66,403.0,0
2026-04-26 11:00:00,9.9,59,529.0,0
2026-04-26 12:00:00,11.1,52,623.0,1
2026-04-26 13:00:00,12.1,46,673.0,59
2026-04-26 14:00:00,12.1,42,667.0,63
2026-04-26 15:00:00,13.1,41,641.0,70
2026-04-26 16:00:00,13.3,40,566.0,7
2026-04-26 17:00:00,13.4,39,454.0,47
2026-04-26 18:00:00,13.3,39,317.0,100
2026-04-26 19:00:00,12.9,41,139.0,100
2026-04-26 20:00:00,11.9,60,17.0,91
2026-04-26 21:00:00,10.4,63,0.0,5
2026-04-26 22:00:00,9.1,66,0.0,100
2026-04-26 23:00:00,8.4,66,0.0,100
2026-04-27 00:00:00,7.9,65,0.0,98
2026-04-27 01:00:00,7.6,65,0.0,89
2026-04-27 02:00:00,5.4,76,0.0,4
2026-04-27 03:00:00,4.4,77,0.0,0
2026-04-27 04:00:00,4.5,75,0.0,0
2026-04-27 05:00:00,4.1,75,0.0,0
2026-04-27 06:00:00,3.2,80,0.0,2
2026-04-27 07:00:00,3.5,82,23.0,3
2026-04-27 08:00:00,5.7,76,121.0,78
2026-04-27 09:00:00,8.3,67,261.0,77
2026-04-27 10:00:00,10.6,58,388.0,100
2026-04-27 11:00:00,12.4,51,453.0,91
2026-04-27 12:00:00,13.8,46,580.0,100
2026-04-27 13:00:00,14.4,43,467.0,100
2026-04-27 14:00:00,14.6,42,288.0,100
2026-04-27 15:00:00,15.1,40,237.0,100
2026-04-27 16:00:00,15.4,40,185.0,100
2026-04-27 17:00:00,15.3,38,142.0,100
2026-04-27 18:00:00,15.1,38,133.0,73
2026-04-27 19:00:00,14.6,42,124.0,99
2026-04-27 20:00:00,13.6,54,22.0,98
2026-04-27 21:00:00,11.8,60,1.0,100
2026-04-27 22:00:00,10.6,57,0.0,100
2026-04-27 23:00:00,9.9,58,0.0,99
2026-04-28 00:00:00,9.1,64,0.0,100
2026-04-28 01:00:00,8.4,66,0.0,58
2026-04-28 02:00:00,7.2,65,0.0,21
2026-04-28 03:00:00,6.1,66,0.0,34
2026-04-28 04:00:00,5.2,68,0.0,79
2026-04-28 05:00:00,4.4,69,0.0,100
2026-04-28 06:00:00,3.8,71,0.0,100
2026-04-28 07:00:00,4.2,70,22.0,99
2026-04-28 08:00:00,5.8,65,110.0,94
2026-04-28 09:00:00,7.7,57,248.0,61
2026-04-28 10:00:00,9.6,51,382.0,41
2026-04-28 11:00:00,11.4,44,514.0,86
2026-04-28 12:00:00,12.9,37,571.0,77
2026-04-28 13:00:00,13.8,33,641.0,21
2026-04-28 14:00:00,13.9,31,697.0,0
2026-04-28 15:00:00,14.3,29,665.0,0
2026-04-28 16:00:00,14.2,30,583.0,0
2026-04-28 17:00:00,14.2,32,469.0,7
2026-04-28 18:00:00,13.9,33,324.0,2
2026-04-28 19:00:00,13.2,36,173.0,30
2026-04-28 20:00:00,12.1,44,52.0,49
2026-04-28 21:00:00,10.6,54,2.0,8
2026-04-28 22:00:00,9.6,52,0.0,0
2026-04-28 23:00:00,8.6,53,0.0,0
2026-04-29 00:00:00,7.7,53,0.0,0
2026-04-29 01:00:00,6.9,55,0.0,0
2026-04-29 02:00:00,5.9,61,0.0,0
2026-04-29 03:00:00,4.9,64,0.0,0
2026-04-29 04:00:00,4.2,68,0.0,0
2026-04-29 05:00:00,3.6,72,0.0,0
2026-04-29 06:00:00,3.1,76,0.0,0
2026-04-29 07:00:00,3.6,76,27.0,0
2026-04-29 08:00:00,5.5,65,129.0,4
2026-04-29 09:00:00,7.8,54,273.0,9
2026-04-29 10:00:00,10.1,43,419.0,7
2026-04-29 11:00:00,11.8,31,547.0,25
2026-04-29 12:00:00,12.7,28,638.0,15
2026-04-29 13:00:00,13.4,28,690.0,12
2026-04-29 14:00:00,13.4,30,699.0,0
2026-04-29 15:00:00,13.7,31,660.0,1
2026-04-29 16:00:00,13.8,31,561.0,10
2026-04-29 17:00:00,14.5,28,432.0,1
2026-04-29 18:00:00,13.6,31,308.0,10
2026-04-29 19:00:00,13.4,28,144.0,5
2026-04-29 20:00:00,12.4,34,50.0,7
2026-04-29 21:00:00,10.5,43,2.0,0
2026-04-29 22:00:00,9.4,44,0.0,2
2026-04-29 23:00:00,8.9,41,0.0,2
2026-04-30 00:00:00,8.1,43,0.0,0
2026-04-30 01:00:00,7.3,47,0.0,0
2026-04-30 02:00:00,4.8,65,0.0,0
2026-04-30 03:00:00,3.5,71,0.0,0
2026-04-30 04:00:00,3.0,74,0.0,0
2026-04-30 05:00:00,2.6,76,0.0,0
2026-04-30 06:00:00,2.3,77,0.0,0
2026-04-30 07:00:00,3.5,73,28.0,0
2026-04-30 08:00:00,6.0,61,132.0,0
2026-04-30 09:00:00,9.1,47,271.0,0
2026-04-30 10:00:00,11.4,35,412.0,0
2026-04-30 11:00:00,12.9,30,535.0,0
2026-04-30 12:00:00,14.1,29,626.0,0
2026-04-30 13:00:00,14.9,30,677.0,0
2026-04-30 14:00:00,15.2,32,684.0,0
2026-04-30 15:00:00,16.2,32,647.0,0
2026-04-30 16:00:00,16.6,34,567.0,30
2026-04-30 17:00:00,16.6,36,453.0,16
2026-04-30 18:00:00,16.5,38,318.0,45
2026-04-30 19:00:00,16.0,40,171.0,34
2026-04-30 20:00:00,15.2,43,54.0,0
2026-04-30 21:00:00,13.9,46,2.0,0
2026-04-30 22:00:00,13.0,48,0.0,0
2026-04-30 23:00:00,12.8,48,0.0,0
2026-05-01 00:00:00,11.4,55,0.0,0
2026-05-01 01:00:00,10.1,62,0.0,0
2026-05-01 02:00:00,8.0,72,0.0,0
2026-05-01 03:00:00,7.0,77,0.0,0
2026-05-01 04:00:00,6.5,80,0.0,0
2026-05-01 05:00:00,6.0,83,0.0,0
2026-05-01 06:00:00,5.8,84,0.0,0
2026-05-01 07:00:00,7.1,77,30.0,0
2026-05-01 08:00:00,9.2,65,134.0,0
2026-05-01 09:00:00,12.8,51,276.0,0
2026-05-01 10:00:00,15.8,42,419.0,0
2026-05-01 11:00:00,18.0,35,544.0,0
2026-05-01 12:00:00,19.3,31,638.0,0
2026-05-01 13:00:00,20.3,29,691.0,0
2026-05-01 14:00:00,20.9,27,700.0,0
2026-05-01 15:00:00,21.8,26,662.0,0
2026-05-01 16:00:00,22.0,26,584.0,0
2026-05-01 17:00:00,22.0,27,469.0,0
2026-05-01 18:00:00,21.7,28,331.0,0
2026-05-01 19:00:00,21.1,30,186.0,0
2026-05-01 20:00:00,20.0,35,61.0,0
2026-05-01 21:00:00,18.1,44,3.0,0
2026-05-01 22:00:00,16.6,51,0.0,0
2026-05-01 23:00:00,15.6,53,0.0,0
2026-05-02 00:00:00,14.6,56,0.0,0
2026-05-02 01:00:00,13.8,56,0.0,0
2026-05-02 02:00:00,11.8,59,0.0,0
2026-05-02 03:00:00,10.9,62,0.0,0
2026-05-02 04:00:00,10.6,63,0.0,0
2026-05-02 05:00:00,10.1,67,0.0,0
2026-05-02 06:00:00,9.6,69,0.0,0
2026-05-02 07:00:00,10.5,66,33.0,0
2026-05-02 08:00:00,13.6,55,142.0,0
2026-05-02 09:00:00,16.8,47,287.0,0
2026-05-02 10:00:00,19.8,40,431.0,0
2026-05-02 11:00:00,22.1,33,555.0,0
2026-05-02 12:00:00,23.7,28,647.0,0
2026-05-02 13:00:00,24.6,24,700.0,0
2026-05-02 14:00:00,25.2,22,709.0,0
2026-05-02 15:00:00,26.0,21,671.0,0
2026-05-02 16:00:00,26.2,21,591.0,0
2026-05-02 17:00:00,26.2,21,477.0,0
2026-05-02 18:00:00,25.9,22,338.0,37
2026-05-02 19:00:00,25.2,23,193.0,100
2026-05-02 20:00:00,24.0,27,34.0,100
2026-05-02 21:00:00,23.0,29,1.0,100
2026-05-02 22:00:00,21.6,32,0.0,100
2026-05-02 23:00:00,20.4,33,0.0,100
2026-05-03 00:00:00,19.0,34,0.0,95
2026-05-03 01:00:00,17.6,38,0.0,99
2026-05-03 02:00:00,15.4,49,0.0,59
2026-05-03 03:00:00,13.9,58,0.0,20
2026-05-03 04:00:00,13.0,60,0.0,96
2026-05-03 05:00:00,12.2,67,0.0,98
2026-05-03 06:00:00,11.9,66,0.0,26
2026-05-03 07:00:00,12.3,66,33.0,48
2026-05-03 08:00:00,14.9,57,137.0,35
2026-05-03 09:00:00,18.6,49,267.0,67
2026-05-03 10:00:00,22.3,39,407.0,29
2026-05-03 11:00:00,25.1,33,532.0,77
2026-05-03 12:00:00,26.4,26,611.0,84
2026-05-03 13:00:00,26.9,22,593.0,98
2026-05-03 14:00:00,26.1,23,509.0,100
2026-05-03 15:00:00,25.0,27,121.0,99
2026-05-03 16:00:00,25.8,25,256.0,100
2026-05-03 17:00:00,25.9,26,370.0,99
2026-05-03 18:00:00,23.8,28,36.0,100
2026-05-03 19:00:00,23.4,30,17.0,99
2026-05-03 20:00:00,22.9,31,10.0,80
2026-05-03 21:00:00,21.4,35,1.0,99
2026-05-03 22:00:00,21.4,35,0.0,100
2026-05-03 23:00:00,20.5,36,0.0,100
2026-05-04 00:00:00,19.4,38,0.0,100
2026-05-04 01:00:00,18.4,48,0.0,100
2026-05-04 02:00:00,18.1,51,0.0,98
2026-05-04 03:00:00,17.2,58,0.0,100
2026-05-04 04:00:00,16.6,61,0.0,38
2026-05-04 05:00:00,15.4,67,0.0,12
2026-05-04 06:00:00,14.6,71,0.0,27
2026-05-04 07:00:00,15.0,68,28.0,19
2026-05-04 08:00:00,16.6,58,120.0,67
2026-05-04 09:00:00,17.9,57,246.0,56
2026-05-04 10:00:00,19.4,51,398.0,100
2026-05-04 11:00:00,20.4,46,308.0,95
2026-05-04 12:00:00,20.9,44,262.0,100
2026-05-04 13:00:00,21.5,43,180.0,98
2026-05-04 14:00:00,21.6,41,550.0,84
2026-05-04 15:00:00,22.0,43,378.0,41
2026-05-04 16:00:00,22.3,43,396.0,75
2026-05-04 17:00:00,22.2,42,296.0,100
2026-05-04 18:00:00,22.0,42,248.0,100
2026-05-04 19:00:00,21.4,43,72.0,100
2026-05-04 20:00:00,20.6,48,7.0,100
2026-05-04 21:00:00,19.5,55,0.0,100
2026-05-04 22:00:00,18.2,69,0.0,100
2026-05-04 23:00:00,15.6,84,0.0,100
2026-05-05 00:00:00,15.4,83,0.0,100
2026-05-05 01:00:00,15.0,87,0.0,98
2026-05-05 02:00:00,14.4,92,0.0,100
2026-05-05 03:00:00,14.0,94,0.0,100
2026-05-05 04:00:00,13.3,97,0.0,100
2026-05-05 05:00:00,13.4,96,0.0,100
2026-05-05 06:00:00,13.6,97,0.0,100
2026-05-05 07:00:00,13.8,94,0.0,100
2026-05-05 08:00:00,14.1,91,19.0,100
2026-05-05 09:00:00,14.6,88,15.0,100
2026-05-05 10:00:00,15.4,83,36.0,100
2026-05-05 11:00:00,16.1,77,11.0,100
2026-05-05 12:00:00,17.0,73,12.0,41
2026-05-05 13:00:00,19.0,66,412.0,100
2026-05-05 14:00:00,17.6,70,365.0,100
2026-05-05 15:00:00,18.2,68,106.0,100
2026-05-05 16:00:00,17.0,73,116.0,100
2026-05-05 17:00:00,16.9,73,138.0,99
2026-05-05 18:00:00,16.5,74,57.0,100
2026-05-05 19:00:00,15.8,75,40.0,100
2026-05-05 20:00:00,14.9,79,13.0,100
2026-05-05 21:00:00,14.3,82,0.0,100
2026-05-05 22:00:00,13.6,85,0.0,100
2026-05-05 23:00:00,12.9,88,0.0,100
2026-05-06 00:00:00,12.5,90,0.0,100
2026-05-06 01:00:00,12.1,91,0.0,100
2026-05-06 02:00:00,11.4,95,0.0,100
2026-05-06 03:00:00,11.1,98,0.0,100
2026-05-06 04:00:00,10.8,98,0.0,100
2026-05-06 05:00:00,10.4,98,0.0,100
2026-05-06 06:00:00,10.1,98,0.0,100
2026-05-06 07:00:00,9.9,98,0.0,100
2026-05-06 08:00:00,9.9,98,0.0,100
2026-05-06 09:00:00,9.9,97,0.0,100
2026-05-06 10:00:00,10.0,94,0.0,100
2026-05-06 11:00:00,10.9,91,0.0,100
2026-05-06 12:00:00,11.9,85,10.0,100
2026-05-06 13:00:00,12.1,87,1.0,100
2026-05-06 14:00:00,12.2,88,0.0,100
2026-05-06 15:00:00,12.9,86,14.0,100
2026-05-06 16:00:00,13.1,84,0.0,95
2026-05-06 17:00:00,13.6,80,68.0,98
2026-05-06 18:00:00,13.6,78,23.0,98
2026-05-06 19:00:00,13.5,78,15.0,99
2026-05-06 20:00:00,12.6,82,6.0,100
2026-05-06 21:00:00,11.9,85,0.0,100
2026-05-06 22:00:00,11.2,89,0.0,74
2026-05-06 23:00:00,10.6,90,0.0,95
2026-05-07 00:00:00,10.2,90,0.0,100
2026-05-07 01:00:00,10.1,89,0.0,100
2026-05-07 02:00:00,10.1,89,0.0,100
2026-05-07 03:00:00,9.5,89,0.0,100
2026-05-07 04:00:00,8.8,89,0.0,100
2026-05-07 05:00:00,8.1,89,0.0,100
2026-05-07 06:00:00,7.7,87,0.0,100
2026-05-07 07:00:00,7.6,86,0.0,100
2026-05-07 08:00:00,6.9,88,0.0,100
2026-05-07 09:00:00,6.9,88,0.0,100
2026-05-07 10:00:00,7.1,93,0.0,100
2026-05-07 11:00:00,7.7,93,0.0,100
2026-05-07 12:00:00,8.2,87,0.0,100
2026-05-07 13:00:00,8.6,84,0.0,100
2026-05-07 14:00:00,8.2,85,6.0,100
2026-05-07 15:00:00,8.8,85,3.0,100
2026-05-07 16:00:00,9.1,86,1.0,100
2026-05-07 17:00:00,8.8,93,1.0,100
2026-05-07 18:00:00,8.9,93,1.0,100
2026-05-07 19:00:00,9.3,90,0.0,100
2026-05-07 20:00:00,8.9,94,1.0,100
2026-05-07 21:00:00,8.4,95,0.0,100
2026-05-07 22:00:00,8.2,96,0.0,93
2026-05-07 23:00:00,7.2,96,0.0,54
2026-05-08 00:00:00,6.8,97,0.0,59
2026-05-08 01:00:00,6.8,98,0.0,65
2026-05-08 02:00:00,7.0,97,0.0,66
2026-05-08 03:00:00,6.1,98,0.0,22
2026-05-08 04:00:00,6.0,98,0.0,44
2026-05-08 05:00:00,5.8,97,0.0,47
2026-05-08 06:00:00,5.9,97,0.0,18
2026-05-08 07:00:00,6.7,95,17.0,13
2026-05-08 08:00:00,7.3,91,57.0,20
2026-05-08 09:00:00,8.9,87,220.0,62
2026-05-08 10:00:00,10.5,77,301.0,68
2026-05-08 11:00:00,11.4,70,206.0,95
2026-05-08 12:00:00,12.1,67,223.0,100
2026-05-08 13:00:00,12.1,67,26.0,100
2026-05-08 14:00:00,11.3,70,39.0,100
2026-05-08 15:00:00,11.9,66,23.0,85
2026-05-08 16:00:00,12.3,63,39.0,60
2026-05-08 17:00:00,12.6,62,71.0,100
2026-05-08 18:00:00,12.5,62,38.0,100
2026-05-08 19:00:00,12.2,65,10.0,100
2026-05-08 20:00:00,11.8,69,8.0,100
2026-05-08 21:00:00,10.9,77,2.0,100
2026-05-08 22:00:00,10.4,78,0.0,99
2026-05-08 23:00:00,10.1,78,0.0,100
2026-05-09 00:00:00,9.6,82,0.0,100
2026-05-09 01:00:00,9.6,83,0.0,61
2026-05-09 02:00:00,10.4,83,0.0,100
2026-05-09 03:00:00,10.4,85,0.0,100
2026-05-09 04:00:00,10.1,86,0.0,100
2026-05-09 05:00:00,9.7,87,0.0,100
2026-05-09 06:00:00,9.6,88,0.0,100
2026-05-09 07:00:00,9.8,89,0.0,100
2026-05-09 08:00:00,10.4,86,4.0,98
2026-05-09 09:00:00,11.6,82,37.0,91
2026-05-09 10:00:00,13.1,72,198.0,99
2026-05-09 11:00:00,13.8,67,240.0,99
2026-05-09 12:00:00,14.1,64,90.0,100
2026-05-09 13:00:00,14.8,60,106.0,99
2026-05-09 14:00:00,14.4,58,80.0,100
2026-05-09 15:00:00,14.6,58,47.0,100
2026-05-09 16:00:00,14.8,56,103.0,100
2026-05-09 17:00:00,14.6,57,30.0,98
2026-05-09 18:00:00,14.8,56,123.0,48
2026-05-09 19:00:00,14.6,58,156.0,35
2026-05-09 20:00:00,13.6,66,61.0,10
2026-05-09 21:00:00,11.8,73,7.0,21
2026-05-09 22:00:00,11.6,72,0.0,5
2026-05-09 23:00:00,10.2,79,0.0,3
2026-05-10 00:00:00,9.7,82,0.0,0
2026-05-10 01:00:00,8.6,86,0.0,0
2026-05-10 02:00:00,7.8,87,0.0,0
2026-05-10 03:00:00,6.8,89,0.0,0
2026-05-10 04:00:00,6.5,89,0.0,0
2026-05-10 05:00:00,6.0,91,0.0,0
2026-05-10 06:00:00,5.8,93,1.0,0
2026-05-10 07:00:00,7.2,91,45.0,0
2026-05-10 08:00:00,9.1,85,159.0,87
2026-05-10 09:00:00,11.4,80,237.0,97
2026-05-10 10:00:00,13.5,74,290.0,100
2026-05-10 11:00:00,15.5,70,373.0,100
2026-05-10 12:00:00,17.1,64,469.0,100
2026-05-10 13:00:00,18.1,58,492.0,100
2026-05-10 14:00:00,18.5,52,406.0,100
2026-05-10 15:00:00,19.1,50,283.0,100
2026-05-10 16:00:00,19.4,49,310.0,100
2026-05-10 17:00:00,19.2,50,210.0,100
2026-05-10 18:00:00,18.9,52,172.0,99
2026-05-10 19:00:00,18.2,61,66.0,100
2026-05-10 20:00:00,17.2,70,8.0,100
2026-05-10 21:00:00,15.5,71,4.0,27
2026-05-10 22:00:00,14.4,71,0.0,59
2026-05-10 23:00:00,13.6,75,0.0,38
2026-05-11 00:00:00,13.1,77,0.0,100
2026-05-11 01:00:00,12.2,81,0.0,100
2026-05-11 02:00:00,12.2,84,0.0,99
2026-05-11 03:00:00,12.2,88,0.0,96
2026-05-11 04:00:00,11.7,88,0.0,90
2026-05-11 05:00:00,10.9,96,0.0,100
2026-05-11 06:00:00,11.1,97,0.0,100
2026-05-11 07:00:00,11.4,96,0.0,100
2026-05-11 08:00:00,11.2,95,0.0,95
2026-05-11 09:00:00,12.4,93,80.0,98
2026-05-11 10:00:00,12.7,89,112.0,100
2026-05-11 11:00:00,12.6,86,2.0,100
2026-05-11 12:00:00,11.0,88,53.0,100
2026-05-11 13:00:00,11.1,86,3.0,100
2026-05-11 14:00:00,10.8,80,1.0,100
2026-05-11 15:00:00,9.9,82,8.0,100
2026-05-11 16:00:00,9.5,81,2.0,100
2026-05-11 17:00:00,9.1,78,5.0,100
2026-05-11 18:00:00,8.7,75,3.0,100
2026-05-11 19:00:00,8.8,76,0.0,100
2026-05-11 20:00:00,8.8,77,3.0,96
2026-05-11 21:00:00,8.0,80,4.0,10
2026-05-11 22:00:00,7.6,81,0.0,18
2026-05-11 23:00:00,7.1,84,0.0,84
2026-05-12 00:00:00,7.3,82,0.0,48
2026-05-12 01:00:00,6.6,81,0.0,5
2026-05-12 02:00:00,5.8,84,0.0,23
2026-05-12 03:00:00,5.3,80,0.0,0
2026-05-12 04:00:00,4.8,79,0.0,2
2026-05-12 05:00:00,4.4,80,0.0,95
2026-05-12 06:00:00,5.0,78,1.0,100
2026-05-12 07:00:00,5.7,76,0.0,100
2026-05-12 08:00:00,5.9,74,1.0,100
2026-05-12 09:00:00,5.2,79,36.0,100
2026-05-12 10:00:00,6.3,73,25.0,100
2026-05-12 11:00:00,7.1,69,19.0,100
2026-05-12 12:00:00,8.4,68,137.0,81
2026-05-12 13:00:00,8.6,71,171.0,79
2026-05-12 14:00:00,8.7,75,274.0,91
2026-05-12 15:00:00,7.8,74,178.0,90
2026-05-12 16:00:00,7.5,82,37.0,100
2026-05-12 17:00:00,7.4,84,13.0,100
2026-05-12 18:00:00,7.8,86,1.0,100
2026-05-12 19:00:00,8.0,86,0.0,98
2026-05-12 20:00:00,8.6,81,11.0,76
2026-05-12 21:00:00,7.9,80,7.0,100
2026-05-12 22:00:00,7.7,79,0.0,99
2026-05-12 23:00:00,7.2,78,0.0,100
2026-05-13 00:00:00,6.7,81,0.0,100
2026-05-13 01:00:00,6.4,85,0.0,100
2026-05-13 02:00:00,6.5,86,0.0,100
2026-05-13 03:00:00,6.7,88,0.0,100
2026-05-13 04:00:00,6.7,89,0.0,100
2026-05-13 05:00:00,6.7,87,0.0,100
2026-05-13 06:00:00,6.8,86,0.0,98
2026-05-13 07:00:00,7.3,87,5.0,100
2026-05-13 08:00:00,8.1,86,4.0,75
2026-05-13 09:00:00,8.8,86,38.0,88
2026-05-13 10:00:00,9.8,79,146.0,100
2026-05-13 11:00:00,10.8,70,168.0,100
2026-05-13 12:00:00,11.2,66,213.0,95
2026-05-13 13:00:00,10.9,72,416.0,81
2026-05-13 14:00:00,12.1,62,386.0,91
2026-05-13 15:00:00,11.8,62,309.0,27
2026-05-13 16:00:00,12.2,58,495.0,18
2026-05-13 17:00:00,12.6,52,424.0,34
2026-05-13 18:00:00,12.6,53,307.0,20
2026-05-13 19:00:00,12.2,57,193.0,38
2026-05-13 20:00:00,11.4,69,71.0,77
2026-05-13 21:00:00,9.9,78,5.0,96
2026-05-13 22:00:00,9.1,89,0.0,66
2026-05-13 23:00:00,8.0,90,0.0,34
